component_id,lot_id,defect_type,leakage_0h,leakage_24h,leakage_96h,leakage_168h
C0001,LOT-001,mild_drift,10.294075182224423,10.658726069899071,11.559324324803073,12.71886318401843
C0002,LOT-001,healthy,9.815631159558102,10.077637451406407,9.553763237271387,9.979600487478155
C0003,LOT-001,healthy,10.621793880081327,10.566764535779535,10.707504604781874,10.865566487088262
C0004,LOT-001,healthy,8.823390277326078,9.288872745969682,8.781724124906084,8.784215821821777
C0005,LOT-001,mild_drift,10.00219236513899,10.196241828981364,11.603633596688296,12.426663663610231
C0006,LOT-001,healthy,10.918820444056147,10.784225187187431,10.781593309422385,11.517974683145564
C0007,LOT-001,strong_drift,9.555556539788439,10.56790332873524,13.452644936827717,16.87459220684602
C0008,LOT-001,healthy,10.354827303832657,10.25926861773767,10.65551152374385,11.893156661518315
C0009,LOT-001,healthy,10.177473243289148,10.218384890037925,9.858489222159015,9.758071501402096
C0010,LOT-001,healthy,8.691681990459028,9.218897726802378,8.210211076689088,9.029646543676352
C0011,LOT-001,healthy,9.801197771242329,9.547974883297814,9.748378507734294,10.038737486408966
C0012,LOT-001,healthy,9.427978069598911,9.505549556283313,9.974876235532784,9.123686343039747
C0013,LOT-001,healthy,10.430444625143942,10.872413646869331,10.779988742523907,10.493750682516643
C0014,LOT-001,healthy,10.438123049571056,10.744369947857333,10.046490283181154,10.46659522934139
C0015,LOT-001,healthy,9.896919239430925,10.004118101669087,10.740045947096956,10.045195443268659
C0016,LOT-001,healthy,10.919998014174762,11.088018356550448,11.127898198416775,11.018491062587978
C0017,LOT-001,healthy,10.00021219469596,9.691349304900834,10.360627097365578,10.546407167781592
C0018,LOT-001,healthy,10.314500777636166,10.22089317100843,10.631732776572088,11.197990189909133
C0019,LOT-001,healthy,9.31279387484726,9.943758043229797,9.229383866139585,9.151242498718617
C0020,LOT-001,healthy,10.015711288821432,10.178816589525152,9.766144461234582,9.749289308401808
C0021,LOT-001,healthy,9.692472863264001,9.548863065939594,10.033867561667046,8.984082808578174
C0022,LOT-001,healthy,9.769758532858345,9.682718458374143,10.380050852704123,10.701362752230061
C0023,LOT-001,healthy,10.142164244779707,9.80173235956952,10.247994955322229,10.408776868369841
C0024,LOT-001,healthy,9.135753616076684,9.168416358797241,8.60038451333305,7.878151280664009
C0025,LOT-001,healthy,9.402562600333196,9.755973416991035,9.47060921602622,9.778588959305281
C0026,LOT-001,healthy,9.873381528729663,10.098620864672686,10.465131693033923,10.204932923562332
C0027,LOT-001,healthy,11.78583638561141,12.109080156357006,12.534324901909656,11.479610381280594
C0028,LOT-001,mild_drift,10.237551358425293,10.698126915561446,11.350577341383119,12.459844625983656
C0029,LOT-001,healthy,10.341050060169051,10.339490329547372,10.462922677497177,10.000780348220811
C0030,LOT-001,latent_defect,10.591798508304487,11.560662402933797,14.266005039844284,23.477545317652343
C0031,LOT-001,healthy,9.125197190671997,9.062601684917391,9.594905819674164,9.482335437923384
C0032,LOT-001,strong_drift,10.65544599154639,12.371989321128504,15.988886791949929,19.81780283201038
C0033,LOT-001,healthy,9.966291505695544,10.104541811967065,10.290789795466736,10.038283390403599
C0034,LOT-001,healthy,9.352293358855409,9.462388520125197,8.584262325909668,9.088875421630537
C0035,LOT-001,mild_drift,9.9787275386009,10.53280811716159,11.274321479698042,12.157732478593136
C0036,LOT-001,mild_drift,10.449428311133671,10.813281756022063,12.514004408585674,12.301108779294287
C0037,LOT-001,healthy,9.82919956407488,10.297645734407583,10.302028608099612,9.305891015675455
C0038,LOT-001,healthy,10.341796492502107,10.118279668289777,9.849818375396948,9.902457833249812
C0039,LOT-001,healthy,10.11842979849487,9.935832763391703,9.63651017761363,9.108577218771645
C0040,LOT-001,healthy,10.448802285232224,10.662297577776059,10.61293223074309,11.375859754969527
C0041,LOT-001,healthy,9.676862757079626,9.633739362853007,9.322497480087359,10.256265721275147
C0042,LOT-001,healthy,9.578296346957671,9.696401438160127,10.268334828547573,9.899808692279455
C0043,LOT-001,healthy,9.906787266656794,9.616669268299127,9.72054952359986,9.671105983345862
C0044,LOT-001,strong_drift,10.469730904770591,11.189311230695527,14.119387504320597,16.049168153964107
C0045,LOT-001,healthy,9.551486078027425,10.032807186719534,10.047478767491873,9.36051079048831
C0046,LOT-001,healthy,9.943065754374503,10.046737056693164,10.102298931111266,9.20103362611143
C0047,LOT-001,healthy,10.605993294950357,11.055374999954275,11.421948277231957,10.265036546798086
C0048,LOT-001,strong_drift,10.765319162981953,12.306134776926017,16.38355146010746,22.000299675475986
C0049,LOT-001,strong_drift,10.09203604967638,11.503088179733151,16.354545140026836,20.80691898498316
C0050,LOT-001,strong_drift,10.104244226302903,11.950613573609646,15.790282853358809,20.573225451033423
C0051,LOT-002,healthy,10.247842734485232,10.358484821830174,10.329640606982151,11.59127339332552
C0052,LOT-002,healthy,9.619323594969293,9.549701218733947,10.337606479564494,10.171483338600387
C0053,LOT-002,healthy,10.232438032898278,10.17685217367202,10.33203406183707,9.932423436562097
C0054,LOT-002,healthy,9.873783215730533,9.709295910046857,9.621619788173954,9.629765484485711
C0055,LOT-002,healthy,9.908036780233276,10.251594063329144,10.709984078870267,10.124485381731706
C0056,LOT-002,mild_drift,9.89397176279751,10.075408860335006,11.735326045878827,13.362629252430668
C0057,LOT-002,healthy,9.5595907934913,9.913464530921226,9.497844934834177,9.203377687124195
C0058,LOT-002,healthy,9.595831452765404,9.779613283216918,10.1638464117759,10.507365165741819
C0059,LOT-002,healthy,10.48506696005742,10.278554695411556,10.17433881822329,10.627911016496432
C0060,LOT-002,healthy,9.347898485635906,9.475901462154463,9.221470720190506,9.088041632051187
C0061,LOT-002,healthy,8.893050860938502,8.929414048869317,8.802065976005155,8.408714200982622
C0062,LOT-002,healthy,9.63419324902645,9.549072501232498,10.038268997905957,9.369941861181646
C0063,LOT-002,healthy,9.965028515700816,10.08161604820493,10.273513802293946,10.939503342370312
C0064,LOT-002,healthy,9.33838626976154,9.505946541470589,9.589591482867057,10.081042274082762
C0065,LOT-002,healthy,9.902121144688262,9.851947543543499,9.774632490906995,8.987745343511724
C0066,LOT-002,healthy,10.483961441116241,10.921760866686146,10.339809492109653,10.384696036440968
C0067,LOT-002,mild_drift,9.083779937889634,9.635296366580105,10.459981866251066,11.231691467583298
C0068,LOT-002,latent_defect,10.45389591860886,11.182538973042043,13.849174534856482,20.968525064066842
C0069,LOT-002,strong_drift,9.908712874254816,11.014114306118909,15.224282235618691,19.53476272285301
C0070,LOT-002,mild_drift,9.250062523575517,9.555459086756608,10.602963890177994,11.808831214366307
C0071,LOT-002,healthy,9.672169823279972,9.949862201121663,10.02028067268443,10.257300843017127
C0072,LOT-002,mild_drift,10.39130255257717,10.78613224587725,11.349188126316813,12.482813420900197
C0073,LOT-002,healthy,10.466497833397991,10.37961587175759,10.516982239632048,10.159435072429606
C0074,LOT-002,healthy,10.38610847193865,10.482299753295573,10.756120799722423,10.22743993080236
C0075,LOT-002,healthy,9.921239081205933,9.653478346963531,9.686878232463629,9.635813955429064
C0076,LOT-002,healthy,10.366380626016186,10.374979311033607,10.137940095796692,9.829281399247765
C0077,LOT-002,healthy,10.40557011002397,10.639410091875064,10.834632530821477,10.705988765694894
C0078,LOT-002,healthy,9.76594499314559,9.68813359088514,9.698718264157241,9.842705997716088
C0079,LOT-002,healthy,9.546354332079853,9.917952037079889,9.470228748292957,10.508864177753573
C0080,LOT-002,healthy,10.015107484376705,10.036979349219303,8.770884150745324,9.609137608827737
C0081,LOT-002,healthy,10.069410198364757,9.765198042240817,10.011745973909525,8.956877793659622
C0082,LOT-002,healthy,10.07714222307321,10.145486794188507,9.823325452543232,9.510068659226858
C0083,LOT-002,healthy,9.962265070089519,9.810223420338785,9.447055498074533,9.327340995619556
C0084,LOT-002,mild_drift,10.159151632542436,10.621963993166025,12.350590198989288,13.601633882161947
C0085,LOT-002,latent_defect,9.313348644419818,10.144416108714301,12.187055862445316,17.02238235506453
C0086,LOT-002,mild_drift,10.321368810698845,10.624250351433597,13.032617258848711,14.76567598975152
C0087,LOT-002,healthy,9.506907927048829,9.664956543554466,9.530359246117312,10.013595805361716
C0088,LOT-002,mild_drift,10.912210111173762,11.7201829047072,12.519608803219274,13.809171375614259
C0089,LOT-002,healthy,9.801804100927217,9.315063806374082,9.851181078480819,10.729424979258585
C0090,LOT-002,healthy,9.201996171772924,9.401268943541565,9.420901481879765,10.479666262678345
C0091,LOT-002,healthy,10.200078250153965,10.105407118110815,9.82458363598607,10.366878576630697
C0092,LOT-002,healthy,10.114543936229067,10.013488795325832,10.245052021639431,10.81668411939595
C0093,LOT-002,strong_drift,9.812038742320217,10.460901856630047,13.748958687584556,15.48936649992822
C0094,LOT-002,mild_drift,9.10854990528102,9.549409505639813,10.617736699892985,11.488702631680695
C0095,LOT-002,mild_drift,10.219640088281032,10.747133736047923,11.925331564611295,13.04575337147533
C0096,LOT-002,healthy,9.425380872844276,9.437937054259052,9.631359194352658,9.439463388589946
C0097,LOT-002,healthy,9.928650282215528,10.059232234821735,10.098745496461195,10.321661509118758
C0098,LOT-002,mild_drift,10.06624279078168,10.786053810937846,11.95315589491125,14.270963789974184
C0099,LOT-002,healthy,9.884474904073375,9.952405862769277,9.869968688423404,9.99920692021168
C0100,LOT-002,healthy,9.548000784861104,9.566341317167751,10.133649814357971,9.833329614650859
C0101,LOT-003,healthy,10.544763503582857,10.393420848120293,10.896286802378446,10.307126266368625
C0102,LOT-003,healthy,10.047493859492924,10.177389973018823,10.647793607452217,10.375188043874624
C0103,LOT-003,healthy,10.901994250600026,11.061534885864205,11.195145488126705,11.208487960985181
C0104,LOT-003,healthy,10.328747424550535,10.390777280140759,10.629337541281823,10.245886378312019
C0105,LOT-003,healthy,9.12901776970371,9.192645193307019,8.9503244999488,10.07039727641668
C0106,LOT-003,healthy,9.196798956312284,8.989646650668096,9.079147874026178,8.100755672914602
C0107,LOT-003,healthy,9.712900262633198,9.566405092806093,9.57703165642306,9.519855017832864
C0108,LOT-003,healthy,9.426906552526676,9.3878837516977,9.694411108546682,10.421998161083915
C0109,LOT-003,healthy,9.290405499150918,8.918348936077171,9.57818513113877,9.076348290634233
C0110,LOT-003,strong_drift,9.102790778975464,10.730039587627086,14.76364819704412,18.997895237129452
C0111,LOT-003,healthy,10.276077131666506,10.417749017364116,10.247767151370738,9.711892274126065
C0112,LOT-003,healthy,9.50771676938734,9.243331031430452,9.930926433992754,9.503363293213384
C0113,LOT-003,healthy,10.728900182472303,10.74677520453849,10.489536673264634,10.757811022302635
C0114,LOT-003,latent_defect,10.458242108046612,10.964498884772164,14.394369898638018,18.688691709170076
C0115,LOT-003,healthy,9.982574009946244,9.735348691826212,9.507709499663372,9.10419588197098
C0116,LOT-003,healthy,9.36576384570878,9.19143471209111,9.598838612288194,9.56638935786586
C0117,LOT-003,healthy,10.373104309321526,10.321736333653218,10.639801965341153,10.68046082119591
C0118,LOT-003,mild_drift,9.15623146986282,9.677294417929259,11.408744787454463,13.605939958937778
C0119,LOT-003,healthy,7.704829336944252,7.661799147427848,7.545169627543841,7.366953156962899
C0120,LOT-003,healthy,9.127198338524455,9.365102036053639,8.694988484845172,8.517318126945943
C0121,LOT-003,healthy,10.679165375826154,10.677031751415742,10.998933167563546,11.131229240115477
C0122,LOT-003,healthy,9.97883061926503,10.061434980941797,9.479449228845505,9.57754985560434
C0123,LOT-003,latent_defect,10.668115304330861,11.455947917248618,14.53572861517922,22.813408344917157
C0124,LOT-003,healthy,9.738354842338552,10.14512191916536,10.08640018022207,9.921012739546603
C0125,LOT-003,healthy,10.744235140033243,10.623677403979483,11.146479841314779,10.13723797997313
C0126,LOT-003,mild_drift,8.429288088867235,9.008792754319016,9.241163102402375,10.786010387913562
C0127,LOT-003,healthy,7.5613798518708775,7.207373492489976,7.509797376538175,7.783027090306777
C0128,LOT-003,healthy,9.051183634487382,8.950094982846847,8.71381755713562,9.002953747589638
C0129,LOT-003,healthy,9.452139982838544,9.447779160013466,9.703413778372807,9.748835068779945
C0130,LOT-003,mild_drift,10.230335439028929,10.640391656886203,12.315625088300038,13.746746666890727
C0131,LOT-003,healthy,10.818982783406835,10.951326533640284,10.619508160973341,10.93068810809563
C0132,LOT-003,healthy,9.123713994066918,9.134126679418054,9.255777889262415,9.042986611468756
C0133,LOT-003,healthy,7.988674497460014,8.134783680822043,7.927567919439649,8.829485613163353
C0134,LOT-003,strong_drift,10.847843790858299,11.940801495913096,16.296866422900806,20.956559575751097
C0135,LOT-003,mild_drift,10.091283258063132,10.62395315138979,12.762577679527073,14.327483748593615
C0136,LOT-003,latent_defect,9.932559676359066,10.58161349877563,13.595282282902547,20.561713550204654
C0137,LOT-003,healthy,10.139756388721123,10.11073617994972,10.235137988422423,9.862164264923717
C0138,LOT-003,healthy,8.98982576215483,8.902921746007449,8.891655626500746,8.497917419897329
C0139,LOT-003,strong_drift,9.53869363985131,10.599962272447813,14.331857365817417,17.561852076108586
C0140,LOT-003,healthy,9.945484328310176,10.022528522618552,10.361038928142872,9.482075703793342
C0141,LOT-003,healthy,9.29819117814827,9.377224223890469,8.985581386013964,9.091353586127214
C0142,LOT-003,healthy,10.233341381835432,10.109379020829893,9.919845593056545,10.441050889905405
C0143,LOT-003,healthy,7.832512126682192,7.595170359525539,7.787330994993934,9.220474245923302
C0144,LOT-003,healthy,8.89467341741785,8.81150290450391,9.04877725041394,9.04314776259825
C0145,LOT-003,healthy,10.461138784367295,10.370842347335046,10.595991402091432,9.959108887242072
C0146,LOT-003,healthy,9.122996017003873,8.988446174001721,9.333921369464646,9.054905356471364
C0147,LOT-003,healthy,10.845337255599253,10.71632746475851,10.870114110005405,11.49560817858332
C0148,LOT-003,mild_drift,10.483127824939082,10.860448022851,11.630486761242793,12.247590772838103
C0149,LOT-003,healthy,10.865254676805923,10.81041492745191,11.305005493825936,10.398516411650446
C0150,LOT-003,mild_drift,8.586113651709837,8.908827536830856,9.706060127696043,10.192637039214027
C0151,LOT-004,latent_defect,10.119178610635487,11.661856904286187,14.788271178135098,23.87549151122616
C0152,LOT-004,mild_drift,8.889755870236149,9.55765972963144,10.875299587215627,11.759146909951939
C0153,LOT-004,healthy,9.13089260125422,8.864340080898058,9.314311666264032,8.051068637716561
C0154,LOT-004,healthy,10.29278794948621,10.341699592662849,9.610766009379708,9.8454776921325
C0155,LOT-004,healthy,9.827493466681698,9.407686204066927,9.61702011972584,10.02033307372999
C0156,LOT-004,strong_drift,9.231400883417951,10.301159421497317,13.145864533172922,15.662291100081658
C0157,LOT-004,healthy,9.057636261637796,8.82707304556111,9.588037592734622,9.331016705168116
C0158,LOT-004,healthy,9.230232352658735,9.365801331250786,9.279750939020735,9.880766055009554
C0159,LOT-004,healthy,9.07774658824749,9.201377624894443,9.504765941218611,8.6013988659279
C0160,LOT-004,healthy,8.24748970422762,8.074583317189532,7.974067344656818,8.415525355198449
C0161,LOT-004,healthy,9.677697118211919,9.535902793414266,9.60568820544487,9.454464660322298
C0162,LOT-004,healthy,9.47549452157119,9.291912858359536,9.594971349040936,9.575497881994888
C0163,LOT-004,mild_drift,9.481714381856207,9.909318681205658,10.837117937747847,11.272824955346428
C0164,LOT-004,strong_drift,10.260589507094693,11.228262677762974,14.20038275552012,17.151529265316285
C0165,LOT-004,healthy,9.348372600033764,9.295878070561162,9.82111585583786,9.318093834933705
C0166,LOT-004,healthy,9.466419728147768,9.584119979194517,9.684853673623648,9.393883728519917
C0167,LOT-004,healthy,9.492427245434836,9.34427945538265,10.119999395250597,10.409100119788238
C0168,LOT-004,healthy,9.582056244983574,9.279876347901515,9.616289357452363,10.158301332325
C0169,LOT-004,healthy,8.964278725838382,9.073964852155195,9.160156276668092,9.117818344227683
C0170,LOT-004,healthy,9.921260244764511,10.097529706454724,10.314313838115837,10.35206823226236
C0171,LOT-004,healthy,8.761435088136547,9.376419045630353,8.594327483315078,8.951772560221952
C0172,LOT-004,healthy,9.147127764037695,8.829259742182256,9.070873434784515,8.981466587937653
C0173,LOT-004,healthy,9.102289470900502,9.157367829667836,8.975063985793646,9.558444693032813
C0174,LOT-004,healthy,8.824852047203114,9.041136496529255,9.042936409970338,9.582724196539486
C0175,LOT-004,healthy,9.495595841957048,9.487431331846434,10.175007875379203,10.3515748233904
C0176,LOT-004,healthy,8.923107431871655,8.793253241462578,8.861279162674414,9.12274056373823
C0177,LOT-004,healthy,9.40262157667176,9.038524274867832,9.413862655299397,8.637760834833525
C0178,LOT-004,healthy,9.135667242625795,9.038199981171854,8.887770486151243,8.671257630167954
C0179,LOT-004,mild_drift,8.904614254047635,9.699650091828525,10.595227441796302,12.388560392708266
C0180,LOT-004,latent_defect,9.650961377255804,10.46138396296328,13.672711681097464,22.751859389555715
C0181,LOT-004,healthy,9.68779035563852,9.922881347630574,9.400287439375285,9.697722786724462
C0182,LOT-004,strong_drift,8.998693299173341,9.666197349444394,12.263364695818751,14.6854233585435
C0183,LOT-004,mild_drift,9.499657264685053,10.203142138090602,11.342848077419855,13.321599849777922
C0184,LOT-004,mild_drift,9.234125203291196,9.661820293629681,11.249889901832129,12.547061439191532
C0185,LOT-004,healthy,9.312418258261724,9.595472678030724,8.955000091632206,9.290645943444488
C0186,LOT-004,mild_drift,9.749063058577352,10.3032843013409,11.316092141373952,13.244863049868663
C0187,LOT-004,healthy,9.819485325936279,9.87135792635662,9.77085851710691,9.758278145867077
C0188,LOT-004,healthy,9.618394742015978,9.794627718038248,9.839057614515088,10.079332841405098
C0189,LOT-004,healthy,8.906135633070589,9.187465462500093,8.610582325724579,9.381537218601089
C0190,LOT-004,healthy,9.483628373412342,9.514881684579068,10.459735089304976,10.122561617223486
C0191,LOT-004,healthy,8.78885809325711,8.60391927026844,8.479868611318444,8.571713123678885
C0192,LOT-004,healthy,9.592241502293435,9.293723939317742,9.783138735018676,8.56328296563102
C0193,LOT-004,mild_drift,9.425394784581622,10.043519211028023,10.534460571206244,11.827062265431492
C0194,LOT-004,healthy,9.269535345570763,9.400164131958466,9.223965666875042,9.434611543474922
C0195,LOT-004,strong_drift,8.991270153716625,10.19969754571393,13.009911850973502,14.952015359745419
C0196,LOT-004,healthy,9.5931317003351,9.827502350795896,9.531259939776458,8.852928328619678
C0197,LOT-004,mild_drift,8.672937486720311,9.258019367609252,10.984030879447744,12.24598731684411
C0198,LOT-004,healthy,8.99947529468877,8.762883143748626,9.171634980600059,8.39237814312864
C0199,LOT-004,healthy,9.055854085335756,9.14124796115097,9.140328854629974,9.365631940462015
C0200,LOT-004,healthy,9.258990978771354,9.355811698681517,9.623666200047618,9.654919710508342
C0201,LOT-005,strong_drift,9.478323337195748,10.801140869895754,15.027923318364634,19.957396095437904
C0202,LOT-005,strong_drift,9.069022527194893,10.358809198080428,13.622598791144009,17.01784273056961
C0203,LOT-005,healthy,10.124078260981905,10.214377306632075,10.565271426728861,10.290808165846771
C0204,LOT-005,healthy,10.085206759708594,10.245878935108223,9.895907405061859,10.440183849532897
C0205,LOT-005,healthy,9.635942273233308,9.79091484512519,9.559239617269794,10.09978281867683
C0206,LOT-005,mild_drift,9.804959959766542,10.088245372273656,11.548653297597726,12.538115270556517
C0207,LOT-005,mild_drift,9.325585887127438,9.412992276245852,11.313693262168922,12.21663300709316
C0208,LOT-005,healthy,9.163659246454325,9.62564011677713,9.219214978362343,9.049181014391232
C0209,LOT-005,strong_drift,9.739899260167737,11.284204784564482,15.335357273499822,18.57534595601671
C0210,LOT-005,mild_drift,9.860971959465449,9.949983603412612,11.004248728652493,12.512793469203183
C0211,LOT-005,healthy,9.713468193029788,9.831329690592673,9.964130220133244,10.814763838083117
C0212,LOT-005,healthy,10.040027341122599,10.164002967995122,10.36950989260614,10.327919383050713
C0213,LOT-005,mild_drift,10.013906617968237,10.26404991807339,10.897356249013564,12.607339185406095
C0214,LOT-005,healthy,10.39500487233499,10.692271595655097,10.370511543672874,9.504361982561047
C0215,LOT-005,healthy,9.292892020228757,9.44552258904477,9.290459910246,9.676301648360063
C0216,LOT-005,mild_drift,9.341572393802316,9.828375877169432,10.777818877433718,12.880711489976408
C0217,LOT-005,mild_drift,9.115844380313655,9.81527944198459,10.813879036332493,11.462455184131144
C0218,LOT-005,healthy,8.66293131500917,8.545464096887988,8.7706935829375,7.809960201103801
C0219,LOT-005,healthy,9.286319017973787,9.044479038462063,9.450085539765526,9.740440966911859
C0220,LOT-005,strong_drift,9.732428514218338,10.925112660668454,13.085288769636836,16.622211321119398
C0221,LOT-005,healthy,10.23924639181488,10.148264960930417,9.797369062522087,10.042273839400742
C0222,LOT-005,healthy,9.555772386181681,9.509981789566012,9.670655056018377,9.234849864114663
C0223,LOT-005,strong_drift,10.288575289964944,11.038503493206044,14.312157653714026,17.04607047418696
C0224,LOT-005,mild_drift,9.8246425902144,9.963417031808019,10.701937998153792,11.098340346335721
C0225,LOT-005,healthy,9.878784180947925,10.28616081011716,9.529762592247147,9.880146250531267
C0226,LOT-005,healthy,9.815368461985592,10.046170718492585,10.379715305504648,10.40297409240943
C0227,LOT-005,healthy,10.724770154150978,11.029482470045336,10.784792594475569,10.866681324092294
C0228,LOT-005,healthy,10.23325557875427,10.411435202683897,10.114078894815904,10.121181338241417
C0229,LOT-005,healthy,11.048136667205341,11.35100723262511,11.482314688419022,11.425177259626707
C0230,LOT-005,latent_defect,9.455990655457098,10.186780147220203,12.11552632050758,18.676456435859603
C0231,LOT-005,healthy,10.020651265903776,9.905190885537282,10.227886171350498,9.902831350269246
C0232,LOT-005,mild_drift,9.840467377352288,10.195815325317497,10.525608010479589,11.75269080731822
C0233,LOT-005,mild_drift,9.180103278397922,9.510803163415833,9.860183239309691,10.48101343095578
C0234,LOT-005,mild_drift,9.521207842403745,9.820099515264664,10.734136299662644,11.379327878625045
C0235,LOT-005,strong_drift,8.454272102124396,9.839391431677088,14.005936365021142,18.474728365464607
C0236,LOT-005,healthy,9.384367808662024,9.626973308037757,9.44326801159536,8.905542876867296
C0237,LOT-005,healthy,10.530972125503876,10.412125656330241,11.133801398875912,10.933370160690888
C0238,LOT-005,healthy,8.805825949035754,8.869596454478401,8.497376035252111,9.115864153595497
C0239,LOT-005,healthy,9.188409711255746,8.92879385300681,8.789152224235197,8.833875729210359
C0240,LOT-005,healthy,9.68304250912125,9.940440815864289,9.2831148256435,9.975410395589014
C0241,LOT-005,healthy,10.224438236641864,10.181647161522783,10.83728138962384,10.87258173957665
C0242,LOT-005,strong_drift,10.531882387326824,12.033534656028065,15.668581196400018,20.6817705675354
C0243,LOT-005,latent_defect,10.329169686129823,11.372783749605652,13.490649076300588,21.58302470055372
C0244,LOT-005,healthy,9.445635680462301,9.708053074372403,9.442939598842049,9.696145690853552
C0245,LOT-005,healthy,9.96550483921787,9.750675823280968,9.850557321333852,10.210089327100883
C0246,LOT-005,healthy,10.514792866810877,10.761038018867664,10.349527909023996,10.74733605544256
C0247,LOT-005,healthy,9.878974680038583,10.179948368590447,10.46083159376492,10.459294097189431
C0248,LOT-005,healthy,10.597917006660685,10.88672250902919,10.049272157157484,10.964618700071842
C0249,LOT-005,healthy,9.522446763968619,9.132073665431635,9.250483714951843,9.586713028786237
C0250,LOT-005,healthy,10.651629767414162,10.449063410291888,10.663678980194124,10.068728041388123
C0251,LOT-006,mild_drift,9.740513576737339,10.259453688992874,11.888383738157858,13.620696950671569
C0252,LOT-006,healthy,9.50156877835876,9.477797695179767,9.78775679811664,9.30428781900654
C0253,LOT-006,healthy,9.180066544888476,9.979132576161925,9.359890686150244,9.140141359678296
C0254,LOT-006,mild_drift,11.48951298821877,12.213868370678064,13.223513363694316,14.542327878819492
C0255,LOT-006,healthy,10.80123893882249,10.650805463261065,11.044418978338646,11.24410417552626
C0256,LOT-006,healthy,10.218508205463138,10.158288851836613,10.244249482478219,10.210629237382621
C0257,LOT-006,healthy,9.906091447905483,9.801568490897864,10.794783616143285,10.114703746691866
C0258,LOT-006,healthy,9.54274726214494,9.381698349094433,9.838017188099187,9.984989333900335
C0259,LOT-006,healthy,10.748526285326548,11.220050836921086,11.220712657668388,11.622364377748406
C0260,LOT-006,healthy,10.472215473571726,10.215515115006276,10.33917476314113,10.09659318828508
C0261,LOT-006,healthy,9.272206054295422,9.181580621646761,9.481388160731804,9.16741139009596
C0262,LOT-006,healthy,9.699022766269197,9.648352031526302,10.30239121246573,10.050553344021393
C0263,LOT-006,healthy,9.977521969434658,10.073679408549758,10.364706023362906,10.287900144611104
C0264,LOT-006,healthy,9.63776962945105,9.606167841845378,9.845137060917175,9.531100524340328
C0265,LOT-006,latent_defect,10.440920862088442,11.262172711605634,12.806641119254103,18.65791050903133
C0266,LOT-006,healthy,10.45549609103907,10.537880594516867,10.096886743786897,10.737637724527437
C0267,LOT-006,strong_drift,10.33458121070996,11.937402977647947,15.915499404586232,20.340300217402508
C0268,LOT-006,healthy,9.341680623741102,9.408077595947047,9.67077335920616,10.03930524497434
C0269,LOT-006,healthy,10.456337854347932,10.450675552365967,10.491193341217166,10.722018432376466
C0270,LOT-006,strong_drift,9.662032208891654,10.609755159620047,13.630697417974549,17.420710382520305
C0271,LOT-006,strong_drift,9.902256899254512,10.833312922155466,14.770080949338462,19.076531046932566
C0272,LOT-006,healthy,9.824053153188032,9.79067770984377,9.28324215046444,9.751827725055882
C0273,LOT-006,latent_defect,9.918092598210608,10.620503958551149,13.26809057947203,19.272521233747
C0274,LOT-006,strong_drift,10.058868070412476,10.689167506677302,12.760150383968995,15.376323414050018
C0275,LOT-006,healthy,9.706294643370807,9.928995675919719,9.416492955113045,10.035726191968696
C0276,LOT-006,healthy,9.774503694925478,9.691915624273053,10.245945437364595,9.70147945188248
C0277,LOT-006,healthy,10.396984150697449,10.249109129717993,10.609928402592455,10.556845145986214
C0278,LOT-006,healthy,9.270977375701671,8.831209926588015,9.0335958288051,9.307646421562467
C0279,LOT-006,healthy,10.719948139592276,10.821528802004137,11.488176686288357,11.022700084528546
C0280,LOT-006,healthy,9.903907432880416,9.684697025644367,10.271215756174726,10.687104508612606
C0281,LOT-006,mild_drift,10.591412372128536,11.112969102541129,12.425335971557438,12.740156156678182
C0282,LOT-006,healthy,9.911916748374693,10.081070549205496,10.053685764890432,9.974334071221802
C0283,LOT-006,strong_drift,10.731497632662126,11.416649003949308,14.558872256077004,17.24800531233549
C0284,LOT-006,healthy,9.661122891307349,9.536469883911826,9.92236087616966,10.471703654772424
C0285,LOT-006,healthy,9.41542636029275,9.739941620422002,9.544516736190797,9.213489108842413
C0286,LOT-006,healthy,10.207123760283334,10.439909233294722,10.375498217647593,10.749916632049242
C0287,LOT-006,healthy,9.94677744065944,10.081249944965883,9.882577241132175,9.626931240760202
C0288,LOT-006,strong_drift,10.181810700656053,11.11291431280823,14.844788936642567,18.189932092143668
C0289,LOT-006,latent_defect,10.670108582673974,11.069741747540084,13.995307102515085,21.623102380892753
C0290,LOT-006,healthy,9.612865071919042,9.696954764601614,9.53125175051995,9.854978720443544
C0291,LOT-006,strong_drift,9.937780612042904,10.788011987824483,13.450743494088385,16.253696798252808
C0292,LOT-006,healthy,9.204302519982791,9.204350038094708,9.718615641188656,9.725182582649907
C0293,LOT-006,healthy,10.054339454337219,10.044721304003888,9.440779617963733,9.842188872981556
C0294,LOT-006,strong_drift,10.54170522650845,11.41237940214976,14.89645253201274,18.719411181589898
C0295,LOT-006,healthy,10.264633512460678,10.273422614153372,10.157376130136187,10.435166111166811
C0296,LOT-006,strong_drift,10.365767347891525,11.904270508301583,16.91493829049019,21.4180223930024
C0297,LOT-006,latent_defect,9.484519520989032,10.708646857715154,14.339195655506924,22.595849542552237
C0298,LOT-006,healthy,9.785220931860012,9.840185633762749,10.407051224722894,10.411322005197276
C0299,LOT-006,healthy,8.625088562191362,8.622918594302625,8.74407609813856,8.121630036155802
C0300,LOT-006,healthy,10.395069814778328,10.64213690831217,10.618574148573696,11.058086710415754
C0301,LOT-007,mild_drift,9.251304180675508,9.675200960811631,11.7696129512634,13.89480407863986
C0302,LOT-007,mild_drift,9.982818007478569,10.265270949392791,11.052130968912461,11.793678508909055
C0303,LOT-007,healthy,10.26894973014271,10.513796843207514,10.67210209803544,11.561518602471988
C0304,LOT-007,healthy,10.245682571277165,10.176734070266885,9.827257981121274,9.466911493151828
C0305,LOT-007,healthy,10.027527829999421,10.27192691975457,9.60376464574056,10.387261400689466
C0306,LOT-007,healthy,11.349947417201124,11.633010388603514,11.168487971377186,11.765247466924032
C0307,LOT-007,healthy,10.888600153610431,11.192083461619736,10.768051479026438,10.850498164910233
C0308,LOT-007,healthy,9.314790811616247,9.306476541604177,9.602125752506302,10.03527353379874
C0309,LOT-007,strong_drift,10.887797260032647,12.256468665372697,15.899551138628587,19.564453844852682
C0310,LOT-007,healthy,9.514296761928163,9.44354281375198,9.357874731531243,9.408506260286156
C0311,LOT-007,healthy,10.59603048964197,10.712003206468003,10.584476809469157,10.687328779209846
C0312,LOT-007,mild_drift,9.504368367929134,9.980049316738455,11.03051787788873,12.386549520013801
C0313,LOT-007,mild_drift,10.151926422413199,10.402124374008944,12.146041142919842,12.684112440064924
C0314,LOT-007,healthy,10.128588408946712,10.150693217150451,10.676476108111993,9.827676851204782
C0315,LOT-007,strong_drift,10.925957671480507,12.625779013658729,17.623548555223564,21.86361995414987
C0316,LOT-007,healthy,8.442289726993378,8.826512583207402,8.324741654744452,9.563795700491575
C0317,LOT-007,healthy,9.864040651702126,9.597540131724676,9.448804908744465,9.736237024971373
C0318,LOT-007,healthy,9.475084660933014,9.370667110158635,9.255555751041866,8.861404286231506
C0319,LOT-007,healthy,9.967196999758308,10.32329335429322,9.894116296008672,10.325286706741405
C0320,LOT-007,healthy,9.961561254067375,10.06199423113578,10.279831684863439,9.49299991766242
C0321,LOT-007,mild_drift,9.27950101905086,9.759343893815881,10.575946231737126,11.431434342269396
C0322,LOT-007,healthy,11.133608990980733,11.248771185825877,11.340741040104726,11.423112842120203
C0323,LOT-007,healthy,10.308035429324589,10.471909673325813,10.47329369975534,10.376967155511599
C0324,LOT-007,healthy,10.692550424718945,10.44436887915951,10.718030634181392,11.524600573809966
C0325,LOT-007,healthy,10.145383667757145,10.246044009255987,10.013090930652336,9.873370616426035
C0326,LOT-007,healthy,11.550468061367459,11.433153362253433,11.961999908615093,11.349200775783425
C0327,LOT-007,healthy,11.811783775353632,11.727108864532955,11.55356310333116,11.178898640278584
C0328,LOT-007,healthy,10.642230983423515,10.873237180614046,10.948879169631924,10.709448673839635
C0329,LOT-007,healthy,9.947943292335182,9.690014700211792,10.645046276343711,10.324977396251075
C0330,LOT-007,healthy,10.590304038341987,10.786446330123079,11.054579010298674,11.736298445588059
C0331,LOT-007,mild_drift,11.148597478320768,11.807395002509859,13.16534037685522,14.820672492907455
C0332,LOT-007,healthy,10.561346562472094,10.501718992481193,10.726604547621616,10.148289292590828
C0333,LOT-007,healthy,10.667769355906247,10.623113724718316,11.066401359809507,11.25766646801676
C0334,LOT-007,latent_defect,12.187206928846198,13.399905880581858,14.593876874946456,20.35447343215528
C0335,LOT-007,strong_drift,9.182422758083877,10.136195447797578,13.170807646869566,16.973358639120807
C0336,LOT-007,healthy,9.491176589335563,9.491914991366578,10.258701704346498,10.283770223318005
C0337,LOT-007,mild_drift,10.808009332451414,11.028986526699804,11.755929942626725,13.310415182001204
C0338,LOT-007,healthy,10.158347961425404,10.598528240989289,9.779984609394527,9.7775791679502
C0339,LOT-007,healthy,9.352767337294308,9.662847792226152,9.117803452559835,9.709652562557443
C0340,LOT-007,healthy,11.010547501894653,10.517362590057067,10.696215238271037,10.483021476636372
C0341,LOT-007,mild_drift,10.77442814730169,11.488654419663412,11.847738953693904,13.886053069596674
C0342,LOT-007,healthy,10.424126580901515,10.491274539414693,11.029744872928333,9.970233712510163
C0343,LOT-007,mild_drift,9.181128429570249,9.625575243406011,10.209017785818967,11.506810426808142
C0344,LOT-007,healthy,9.622752611607165,9.842692368348937,9.501597284414991,9.29405287228746
C0345,LOT-007,healthy,11.097845802401633,11.099930231953776,11.431425026714841,11.075321292503407
C0346,LOT-007,latent_defect,11.464459814884062,12.213554704451417,13.960813399329703,18.759785575685207
C0347,LOT-007,healthy,10.518312429932331,10.613906995186296,9.936582647832122,10.330147355901426
C0348,LOT-007,healthy,9.792200199907384,9.922829819496245,8.892587100408523,9.200501943866092
C0349,LOT-007,healthy,10.817137739852273,10.544677837931516,10.997479945172518,10.050219910721516
C0350,LOT-007,healthy,10.050550267105956,10.052431479126506,10.330100017918426,10.232962651241012
C0351,LOT-008,healthy,10.215293453334578,9.990990566263067,10.411793385011455,10.272241057540032
C0352,LOT-008,healthy,10.342811615627568,10.692320453787355,10.436865705783564,9.758740544361338
C0353,LOT-008,healthy,11.226256742364331,11.11884431132966,11.497721921065825,11.786251920041678
C0354,LOT-008,healthy,10.842118112588151,10.78770434636793,10.88624821804245,10.27589987829054
C0355,LOT-008,healthy,10.283813451360885,10.491369317649541,10.759275552607015,10.509219719144111
C0356,LOT-008,healthy,10.056160189631461,9.970518905508643,10.632843471957733,10.178523478049122
C0357,LOT-008,latent_defect,10.669348059682763,11.823214696298665,14.95110629686616,24.16642845619491
C0358,LOT-008,healthy,10.066551600148012,10.0406850499764,10.019921200355467,11.464404146704242
C0359,LOT-008,healthy,10.656909093417273,10.544381233456058,10.325706068816524,9.875648345031058
C0360,LOT-008,healthy,10.334610844271191,10.087333179500405,10.703611737027314,10.83010317917304
C0361,LOT-008,healthy,10.00917434588569,9.83139644514922,10.018746832712695,10.009243965994981
C0362,LOT-008,healthy,10.00338517336698,10.141085124673372,10.256436113249064,10.629832352590213
C0363,LOT-008,healthy,10.613973894873112,10.643398429610578,10.946587341129202,10.903096786436773
C0364,LOT-008,healthy,9.885082712187165,10.158753501935653,10.770611603935981,10.898169749859612
C0365,LOT-008,latent_defect,9.705320055840984,10.4010221342671,12.441942004150594,19.550692181399604
C0366,LOT-008,healthy,9.45171860030431,9.523404364267346,9.285255666843485,9.38526246556933
C0367,LOT-008,healthy,9.457761647488166,9.263758043331336,9.489121554150566,9.608102726153355
C0368,LOT-008,strong_drift,9.619488792408701,10.902814554948309,13.874279245467086,16.571685867035832
C0369,LOT-008,mild_drift,11.105733442726542,11.268851591804186,13.60287291959445,15.43836167971336
C0370,LOT-008,healthy,9.417376618534384,9.944921161733019,9.869909343028354,9.717065648403217
C0371,LOT-008,healthy,9.635063165790855,9.575254121698995,9.276176901437918,10.21252390565356
C0372,LOT-008,healthy,9.282185990118796,9.20878785093002,8.971628641336187,9.329528523548971
C0373,LOT-008,latent_defect,9.10212337394721,10.176486167717256,12.690797444771892,21.927831856392544
C0374,LOT-008,mild_drift,9.432586935088278,10.036825806818559,11.191624979030854,12.551121792113062
C0375,LOT-008,mild_drift,10.103089472898032,10.411324926237695,11.98236217413224,12.766435142114132
C0376,LOT-008,healthy,10.876090402046902,10.732715266181556,10.380406618710797,10.71090971181161
C0377,LOT-008,strong_drift,9.186609216524234,10.472367823699813,15.03385602684974,18.994177279235476
C0378,LOT-008,healthy,9.932042239619149,9.893556154565776,10.419141627607917,9.936990786086453
C0379,LOT-008,mild_drift,10.684755935433431,11.0632401763813,12.611767232136769,13.672158687311203
C0380,LOT-008,healthy,9.336818688229362,9.27320495463802,9.308018489740304,9.912477607820877
C0381,LOT-008,healthy,9.475753998890283,9.487116050948687,9.662666222911017,9.587953693819586
C0382,LOT-008,latent_defect,11.139450009143093,12.104784695467922,13.792161711110188,19.30264793955911
C0383,LOT-008,healthy,9.388034138387514,9.415318479247297,9.282668925932976,9.023560541815264
C0384,LOT-008,mild_drift,10.94542085050056,11.502005527848599,11.87230416084093,12.557539419140493
C0385,LOT-008,latent_defect,10.058834402466557,10.963907159216681,13.281959639083665,19.411320500751614
C0386,LOT-008,healthy,10.39804870461026,10.70063333720379,10.493287138933278,10.721340678675428
C0387,LOT-008,healthy,9.531012335239748,9.482691087885266,9.715211354099978,9.69273481072325
C0388,LOT-008,mild_drift,10.308655942337165,10.701501878754843,11.871942850556183,12.624739146166242
C0389,LOT-008,healthy,9.948723183233843,10.383996859359042,9.678743073976545,10.115523848858894
C0390,LOT-008,healthy,9.55600654512059,9.529038398176244,10.067572412841233,9.58269708619524
C0391,LOT-008,mild_drift,9.793597498268385,10.339989566956673,11.061931114850172,11.879520997172627
C0392,LOT-008,healthy,10.432295658333894,10.684881156523103,10.008170913563761,10.206970201356585
C0393,LOT-008,healthy,10.389069596878631,10.746362448331848,10.622713165517025,10.521080267906745
C0394,LOT-008,healthy,9.705127519045906,9.671999460623748,9.414324743634246,9.825650862092317
C0395,LOT-008,healthy,10.378447616105454,10.409752215994738,10.785532602043853,9.606601304273218
C0396,LOT-008,healthy,9.788683523507189,9.562484983784726,9.830292371696972,9.144662041256044
C0397,LOT-008,healthy,10.07985824541788,9.890243378642607,9.926796941476875,10.404187671051824
C0398,LOT-008,healthy,9.994714080731605,9.622703218265238,9.72855665929972,9.713563209210808
C0399,LOT-008,mild_drift,10.30674723174867,10.634274588335407,12.340612943427738,13.693884842251839
C0400,LOT-008,healthy,10.33088508743562,10.319786621855704,10.551679979788291,9.710325146862177
C0401,LOT-009,latent_defect,9.461581075498074,10.56995066790995,13.623243956921566,21.963103649086097
C0402,LOT-009,healthy,10.457272707619333,10.253213356091475,10.35048849737551,11.267348259974122
C0403,LOT-009,healthy,10.41424621859344,10.521192523801053,10.452363880841428,10.566712720008422
C0404,LOT-009,healthy,9.477354889214816,9.425192662358521,9.368754200655873,9.093917338803518
C0405,LOT-009,strong_drift,11.185554240860357,12.632353345714805,17.718538328142674,22.08339057094596
C0406,LOT-009,strong_drift,11.550875580888345,12.491604924319592,15.809936518839827,18.842564228570854
C0407,LOT-009,mild_drift,10.67861286032505,10.828210410319238,12.31458654617965,13.398835865156741
C0408,LOT-009,healthy,9.417238215209592,9.495223278263934,8.866236422559327,8.561778815673726
C0409,LOT-009,healthy,9.798858674748528,10.260020271691275,9.295405854821801,10.51100779950983
C0410,LOT-009,healthy,10.27615357734415,10.002622176196395,10.426988007677027,10.169771677403128
C0411,LOT-009,healthy,10.92356681056079,11.001903162017966,10.917416499376566,11.216367396847746
C0412,LOT-009,healthy,10.40908542252836,10.270956673764251,10.154504701207516,10.319177227086461
C0413,LOT-009,healthy,10.004776937277459,9.965525374066539,10.503152545713714,10.542066307810128
C0414,LOT-009,healthy,10.587399299368517,10.40024527551675,11.267408828038926,10.4596140789116
C0415,LOT-009,healthy,10.80721625857273,11.012300840433259,11.150298495360476,11.528879705919252
C0416,LOT-009,healthy,10.096829744277734,10.298768392698436,10.281621484603356,10.02358913615687
C0417,LOT-009,healthy,9.933407622378876,9.746788115900618,9.480205242828495,9.081427477141638
C0418,LOT-009,healthy,10.446893891823214,10.60511704834223,10.638104841740018,10.762617067166854
C0419,LOT-009,mild_drift,10.854656021612637,11.216982197822158,12.443841068857346,13.61318339429029
C0420,LOT-009,mild_drift,10.600578658767859,11.223086047694844,12.7938280919251,14.081969174749615
C0421,LOT-009,mild_drift,11.624847296099189,12.335210199683038,12.827073518274185,13.710769053553113
C0422,LOT-009,healthy,9.02084611679059,9.149823907243627,8.946824329251516,8.934688834175963
C0423,LOT-009,healthy,10.294950699820765,10.266210628013475,10.847243332164247,10.947696115433926
C0424,LOT-009,healthy,10.710826337753309,10.635179143141015,10.721558624855899,10.707745631053065
C0425,LOT-009,healthy,9.29765105486331,9.210940536639178,9.677204806165712,9.213853347398825
C0426,LOT-009,healthy,9.819820831667416,10.043314581177247,9.300961149688954,9.742023795082952
C0427,LOT-009,healthy,11.541071073883321,11.267334598627048,11.49016898848353,11.714933739743623
C0428,LOT-009,healthy,8.133882060769158,8.007370612271082,8.714852861754402,7.854157383067542
C0429,LOT-009,strong_drift,9.471005499100714,11.027826977772843,15.8079912592409,20.30578923643169
C0430,LOT-009,mild_drift,10.36770814293696,10.637305339388613,11.408241265628241,12.313796507204819
C0431,LOT-009,mild_drift,9.080773658241474,9.561737339149115,10.740519931233312,12.526604645523584
C0432,LOT-009,healthy,9.123406963574322,9.086016006162431,9.181544719925428,9.642208493432943
C0433,LOT-009,healthy,10.418706716203953,10.259211598195304,10.378282485427997,11.283544659062281
C0434,LOT-009,healthy,11.124251704674068,11.20960870513237,10.892665206043684,10.078393878884107
C0435,LOT-009,healthy,9.369508277989725,9.516265580995256,9.404666580556741,9.563742744404344
C0436,LOT-009,mild_drift,10.9289940731494,11.726069848417156,13.207491092074342,14.78233640563588
C0437,LOT-009,healthy,10.336440948532747,10.088297594950633,10.672271900407567,10.96850042127472
C0438,LOT-009,healthy,11.038576522621701,10.804803417833455,11.538259155510014,11.109826008277306
C0439,LOT-009,healthy,9.875978316626824,9.62491931811186,10.18403088469657,10.108215520130253
C0440,LOT-009,healthy,9.465849809849146,9.422364609331527,9.599929841642476,9.89467034448659
C0441,LOT-009,mild_drift,10.215284756765973,10.779618849136545,12.102774099837841,12.729401675737426
C0442,LOT-009,healthy,9.792408206338713,9.900529454758468,10.456516600170968,9.682719519826486
C0443,LOT-009,strong_drift,10.054300516763968,11.257589970164636,15.564490769689069,20.308145351893668
C0444,LOT-009,healthy,10.715586726880556,10.784224023336524,9.980418073256043,10.549311761174529
C0445,LOT-009,mild_drift,11.882900863172114,12.166686967460365,13.55402919830001,14.46209438165441
C0446,LOT-009,mild_drift,9.669715741868815,10.337165015338556,11.642136508819942,12.783908396499326
C0447,LOT-009,healthy,9.518902012071235,9.426517227772791,9.478550954718528,9.707583645399927
C0448,LOT-009,healthy,11.090478989958509,10.903540524725289,11.135698724241491,11.213023032159464
C0449,LOT-009,healthy,9.310047321782253,9.576774385074302,9.647012702230649,8.290547915450095
C0450,LOT-009,healthy,10.778357164495809,10.502667985860972,11.016242848375779,10.981046373984345
C0451,LOT-010,healthy,11.799201071909685,12.134110676352133,12.106220555732186,12.22018787272312
C0452,LOT-010,strong_drift,9.903777362897886,10.66680714378354,12.544118328461956,16.29272139364673
C0453,LOT-010,healthy,11.022664615168468,11.312815029468224,11.427641521752989,11.359859003976723
C0454,LOT-010,latent_defect,10.550427588308166,11.666583510196237,14.012700428372145,23.321633837102237
C0455,LOT-010,healthy,10.502618218254666,10.61687040475818,10.800234498473506,11.421517756855941
C0456,LOT-010,healthy,10.75553571591629,11.038840326712167,10.80973806460439,11.666574374689667
C0457,LOT-010,healthy,10.411260855185736,10.608582321595609,10.742579461301098,10.927085333933578
C0458,LOT-010,mild_drift,10.486586686756292,10.705203555445308,11.715377729179892,12.090638015443622
C0459,LOT-010,healthy,10.226456668790053,10.510119890964374,10.5022114548162,10.61047103333104
C0460,LOT-010,healthy,10.16005828703186,10.302620363957805,10.23144878482119,9.986512568479473
C0461,LOT-010,mild_drift,10.56429926459413,10.875233308378121,12.12557654942679,11.577455730315497
C0462,LOT-010,mild_drift,10.129854261132838,10.665964641354618,11.21896796749618,12.045079981398738
C0463,LOT-010,mild_drift,10.670039453597509,10.966374692717556,12.081202770613288,12.425595076921894
C0464,LOT-010,strong_drift,10.697232216473227,11.420848378058785,14.54391542060823,16.983996512443518
C0465,LOT-010,healthy,10.700140751986115,10.496517483869713,11.054774082340241,10.650039574858745
C0466,LOT-010,healthy,10.649935878004824,10.840686966696495,10.873819172902445,10.86703005439726
C0467,LOT-010,healthy,10.408416157334022,10.598591698958431,10.276499223868612,10.309999516580657
C0468,LOT-010,healthy,10.785711772935299,11.24811311750981,10.637841588663647,11.167117345881282
C0469,LOT-010,mild_drift,11.225495141076115,11.616758076178355,12.6452342196277,14.515189303823684
C0470,LOT-010,strong_drift,10.125255369084764,11.052532637936213,13.958510237904523,16.954083879722205
C0471,LOT-010,strong_drift,10.549384304599938,11.937167261362221,16.741893744107994,20.716442185981343
C0472,LOT-010,latent_defect,10.706907801981979,11.768147238423015,14.691138387851197,24.059996682411413
C0473,LOT-010,healthy,10.807731959192646,10.807632893260838,11.125591924954367,10.24204212910952
C0474,LOT-010,mild_drift,10.665571252588482,11.053854874693625,12.175940784268665,13.70566792935987
C0475,LOT-010,strong_drift,11.139860395698323,12.455202581242034,16.54775453394961,19.797276020371616
C0476,LOT-010,healthy,11.353789976181316,11.345305821415533,11.18662655495039,11.528942043466202
C0477,LOT-010,healthy,10.555261553181513,10.779153636614634,10.88102883158296,11.14205411285509
C0478,LOT-010,healthy,10.960857176275052,11.191753982151852,11.460104087033244,10.574225669836492
C0479,LOT-010,healthy,9.75552303292083,9.600317333459165,10.147838928556885,9.521759919768899
C0480,LOT-010,latent_defect,9.851284891803552,10.769580746061282,11.95687000356297,17.093307331451367
C0481,LOT-010,healthy,11.200974988694327,11.065800476197358,11.53033937610097,10.898923927375975
C0482,LOT-010,latent_defect,10.203028352638249,10.437338610620621,12.813171166341649,17.818320536235525
C0483,LOT-010,healthy,10.445235094213235,10.437154088050157,10.702691284673117,10.098958990145551
C0484,LOT-010,healthy,11.567055624710918,11.633072436881898,12.304612670557422,12.269236091475491
C0485,LOT-010,latent_defect,10.618970472865286,11.606036567431987,13.595170109497186,19.13940095132984
C0486,LOT-010,latent_defect,10.93779124771979,12.318822602164316,15.22729424989753,24.36788439611145
C0487,LOT-010,healthy,10.495318492309698,10.613727819546362,10.575956998212442,10.395515469834736
C0488,LOT-010,healthy,10.031406920351458,10.267787912632059,10.735095896730515,10.032080990972458
C0489,LOT-010,healthy,10.345964778879683,10.365327263021404,9.934572557667634,10.768838814017206
C0490,LOT-010,healthy,10.606618205638537,10.671285344142257,10.740157712980055,10.316220707730809
C0491,LOT-010,latent_defect,10.74404760192955,11.801338179114621,14.2206022667703,24.227249358015484
C0492,LOT-010,healthy,10.063314506168307,9.99738160195095,10.339323795567207,10.6881622379702
C0493,LOT-010,healthy,10.705564691228714,10.6102480642363,10.786693567656494,10.72229761599999
C0494,LOT-010,healthy,10.410562853255904,10.078117763178785,10.332028882315347,10.637784094350387
C0495,LOT-010,healthy,9.830891099002205,9.677637739770178,10.046807296224932,10.23703203644824
C0496,LOT-010,healthy,10.238181430274706,9.984292305410879,10.16588338410666,10.161193239602106
C0497,LOT-010,healthy,11.199637917474048,11.411817808977435,11.181103075976164,11.732523030411954
C0498,LOT-010,healthy,10.948562229830138,11.089588457884437,11.217809835449344,11.748934858616234
C0499,LOT-010,healthy,10.486854645972826,10.670664052380472,10.365644763008685,10.525819681710688
C0500,LOT-010,mild_drift,10.439960577852897,10.955879171478644,12.589565662183801,14.981384225849903
C0501,LOT-011,healthy,9.242707977881198,9.145119222805302,9.48936074821339,9.067793497662816
C0502,LOT-011,strong_drift,9.118964809853102,10.77071936265656,15.34530691832654,20.249734484051082
C0503,LOT-011,mild_drift,9.061219188291822,9.518845028455916,11.05510135599894,11.732490067076919
C0504,LOT-011,healthy,10.227624684134142,10.172943952650002,11.30033695814548,10.60157442920391
C0505,LOT-011,healthy,8.79574065064248,9.11424197566396,8.017983034522842,9.634712084011873
C0506,LOT-011,mild_drift,10.154329526520227,10.973225821851278,11.769073152077784,12.73583598735326
C0507,LOT-011,healthy,10.014305121255136,10.222329183201026,9.686315215656416,10.682524941889712
C0508,LOT-011,healthy,9.65911478572973,9.666302061124428,9.659812073404122,10.031762868426389
C0509,LOT-011,mild_drift,11.346029500320222,11.520547570348993,12.590171063874333,13.676153080481612
C0510,LOT-011,healthy,9.905968982221976,10.116645389529046,9.808095475434019,10.49303422809256
C0511,LOT-011,healthy,10.16520183414655,10.232836013870925,9.637501781921296,9.48011436310307
C0512,LOT-011,strong_drift,10.019241776366892,11.728809638440618,16.32580100917975,20.18673047758292
C0513,LOT-011,healthy,10.399881589223353,10.297186444752256,10.542747515493005,11.22248403145206
C0514,LOT-011,healthy,10.408415720286264,10.400500971508578,11.012447987374326,10.835043502275076
C0515,LOT-011,healthy,9.54376589180443,9.758279099017741,9.904970323210922,10.293302360465757
C0516,LOT-011,mild_drift,10.276927475414572,10.172993875537397,11.621655912275122,11.923286483868894
C0517,LOT-011,healthy,9.923502726400928,9.87506185604427,10.114871716394061,8.955123391165849
C0518,LOT-011,healthy,10.721011408602635,10.474829650904935,11.058858258487852,11.752065297302856
C0519,LOT-011,mild_drift,10.062851080830837,10.71572778970494,10.775284011948166,12.036711502694335
C0520,LOT-011,healthy,9.711860884961897,9.94126570038675,10.124463900054527,10.693891726317753
C0521,LOT-011,healthy,10.80059450930446,11.15671022940843,10.769802223101829,10.140733929348382
C0522,LOT-011,healthy,10.576240859230367,10.844052758014115,11.33460957760816,10.720272424948321
C0523,LOT-011,healthy,10.146886908745593,10.413233002709378,10.915163357116224,10.672108657572684
C0524,LOT-011,healthy,10.870177103612248,10.706119979574524,10.792075369595665,10.757630051520655
C0525,LOT-011,mild_drift,9.734524203013908,10.601109890111605,11.040057733346744,12.035046905598023
C0526,LOT-011,healthy,10.205161486206622,10.438595657833195,9.994821840017961,9.600204620929482
C0527,LOT-011,healthy,9.424774790915064,9.448689643951099,9.766318264630243,9.418632576941528
C0528,LOT-011,healthy,10.135805213072306,10.271316154889671,11.137054481752076,10.911609614563803
C0529,LOT-011,strong_drift,10.153589691187776,11.331919316433638,13.806459467445427,15.990185538313456
C0530,LOT-011,mild_drift,10.996349828403034,11.260857862969129,13.038739361390359,13.828415818289407
C0531,LOT-011,healthy,10.07227766221305,9.797349026820964,10.35384890756517,10.153262281150315
C0532,LOT-011,healthy,11.03334391599193,11.159044151930342,11.084738573359052,11.31616443246241
C0533,LOT-011,healthy,9.295052216865619,9.244405904400496,9.768081834704269,9.139529507255551
C0534,LOT-011,mild_drift,10.803925649572204,10.745499831056485,12.005176299350051,12.970923149871492
C0535,LOT-011,healthy,10.538733494156025,10.2222764249288,10.724875375110093,11.092056421675263
C0536,LOT-011,healthy,9.668881846512509,9.92918748803762,9.482206276523732,10.326643009559037
C0537,LOT-011,healthy,9.926744759693637,10.338330075381128,9.479243378634038,10.326715367408541
C0538,LOT-011,strong_drift,11.227008579152693,12.495015260656242,14.969456090932255,18.829413536317638
C0539,LOT-011,healthy,11.204714219984659,11.346416650379384,11.37880449422516,11.484396081907747
C0540,LOT-011,healthy,10.706510179099277,10.64820646562627,10.770435187963258,11.735675068709186
C0541,LOT-011,healthy,9.985358388159826,9.885242741415457,9.931556334972047,9.895989010120987
C0542,LOT-011,mild_drift,10.658896385009516,11.227189267480462,11.237280176930517,12.605216630678623
C0543,LOT-011,healthy,9.84851196850915,9.654751628218566,9.96624739841694,9.465533387803859
C0544,LOT-011,healthy,10.149644208697437,10.153183191168129,9.818535751285795,10.686218734601356
C0545,LOT-011,healthy,9.929007911936022,9.791466798629969,9.715498912192391,9.378333760622699
C0546,LOT-011,healthy,9.937619265829733,9.867565602605627,10.02611674515285,9.593737919054783
C0547,LOT-011,mild_drift,9.812470775168443,10.072490136919866,12.017425103630687,11.505608731819471
C0548,LOT-011,strong_drift,9.993151748536832,11.200373716621476,15.058072805950594,17.457128837901084
C0549,LOT-011,healthy,10.172061776783982,10.043410088445572,10.037399868514267,9.475147312436473
C0550,LOT-011,healthy,10.126156422334265,10.110395488858227,10.406797883543197,10.113873070659388
C0551,LOT-012,healthy,10.09893356551472,10.140413442614186,10.270111115675093,10.392542203071786
C0552,LOT-012,healthy,8.993775248280334,9.217953137430149,9.03147435295641,9.395469388770398
C0553,LOT-012,healthy,9.203777281366065,9.522376564086303,9.236248149258339,9.207707355469276
C0554,LOT-012,healthy,9.52419706387013,9.410285065609385,9.368589069024928,9.106754960113182
C0555,LOT-012,healthy,9.516420608756047,9.624087049694246,9.410809532044727,9.86888588580609
C0556,LOT-012,mild_drift,9.38173992748335,10.012089816802764,11.480784678559647,13.419464241838309
C0557,LOT-012,healthy,10.108253280246837,10.161727030777644,10.776562848160411,10.027106128672544
C0558,LOT-012,healthy,9.885687530151564,10.002956588937035,9.81815711083189,9.62530762793332
C0559,LOT-012,healthy,9.804854410561232,9.77008800965875,9.579359263913945,9.685780764456476
C0560,LOT-012,healthy,9.208980321303473,9.52275453555632,8.883061506157185,9.573727197106377
C0561,LOT-012,mild_drift,10.284758653733226,10.764635934482001,11.664592318236725,12.656499063969235
C0562,LOT-012,healthy,8.734259517270484,8.428121594202466,9.107335267457984,8.98774441117508
C0563,LOT-012,healthy,9.776453779835563,9.806265332165486,9.604604554931065,10.759988040954239
C0564,LOT-012,healthy,9.484350051178323,9.478320987535618,9.8006028466436,9.967168486333552
C0565,LOT-012,healthy,8.884771790948664,8.997475206877514,8.942918057599496,8.161170442256525
C0566,LOT-012,healthy,9.348098303330696,9.477810083317813,9.487503429853927,9.29330164731712
C0567,LOT-012,healthy,9.61714070304233,9.55985715112734,9.497722782979224,9.609764541824534
C0568,LOT-012,healthy,9.2226636937696,8.967145974877328,9.399344637470648,8.93491470456629
C0569,LOT-012,latent_defect,9.215869870859251,9.837161398358859,11.717385487118097,19.690354015994735
C0570,LOT-012,healthy,9.025690794645872,9.305740959083476,8.725482368389775,9.758535432685951
C0571,LOT-012,latent_defect,10.043688988976896,11.20201023523096,14.428365475168748,24.02298898659364
C0572,LOT-012,healthy,9.075903096068146,9.06776155866313,9.10692304712638,8.940413483831014
C0573,LOT-012,healthy,9.14085231354714,9.240968447662489,8.685377823476093,9.43931734112754
C0574,LOT-012,strong_drift,9.19895999412255,10.050323704353596,12.036465020413194,14.938332362031144
C0575,LOT-012,healthy,9.410609035617483,9.450460042092812,9.918822420125961,9.993023846477865
C0576,LOT-012,healthy,9.104353271941914,9.10154475713446,8.773437969484855,8.271253761102566
C0577,LOT-012,healthy,9.504746108636763,9.741875409940654,9.19752002714558,9.440402473853956
C0578,LOT-012,healthy,9.370244510469758,9.27523511875787,9.387298807656386,9.095577445177478
C0579,LOT-012,mild_drift,9.793116893561463,10.0127642963587,10.356604485769425,11.502760088419771
C0580,LOT-012,healthy,9.884999559835515,10.170337868626934,10.019485690950606,9.977504480160576
C0581,LOT-012,healthy,9.83665730513226,9.807045075089233,9.553293585806465,10.409166031875914
C0582,LOT-012,healthy,8.511064680907452,8.808264087957816,8.972725475182594,8.498634155460477
C0583,LOT-012,healthy,8.78972231763744,8.39835389058517,9.13701244653866,9.340296075938808
C0584,LOT-012,healthy,10.229698363028689,10.163266607697556,10.212862000584863,10.873247640058988
C0585,LOT-012,healthy,8.759456929078544,8.644493090785506,9.118873155709565,9.314708431542718
C0586,LOT-012,strong_drift,8.963253359255228,10.410043665693927,15.432817527422168,19.012082388195694
C0587,LOT-012,healthy,10.613493237337764,10.504544073983627,10.505710130774386,10.756028019389007
C0588,LOT-012,mild_drift,9.414731838701291,9.742462538093955,11.221088453838474,12.131040883334702
C0589,LOT-012,strong_drift,9.210381242620358,10.162748302333105,13.239614479189857,16.337613538287584
C0590,LOT-012,healthy,10.083782867260322,10.101851721273,10.634808384364543,10.325049665255682
C0591,LOT-012,healthy,9.740945561872664,9.9126289187823,9.546086564057882,10.14143129798016
C0592,LOT-012,healthy,9.406704887325372,9.091332892447678,9.55010652865739,10.641282509811253
C0593,LOT-012,healthy,9.674345346205131,9.752095098439122,9.818208572990446,9.860224911654067
C0594,LOT-012,healthy,9.338531160363912,9.480931795181347,9.561246418375742,8.781447457479441
C0595,LOT-012,mild_drift,10.248929867973317,10.829100702156147,12.756671265047604,14.275725417668145
C0596,LOT-012,strong_drift,9.390309150035492,10.620740686603368,15.37869709119507,20.49686989048729
C0597,LOT-012,healthy,8.878125360559082,8.578053215389463,8.676392105437833,10.176461298016775
C0598,LOT-012,healthy,9.347881375346217,9.40194059262708,9.60217480466631,10.355900348630456
C0599,LOT-012,strong_drift,9.908812252781807,10.967752505445038,15.566567755138868,19.468711310506798
C0600,LOT-012,healthy,8.781779140861554,8.550022301647953,8.936120022635084,8.550334387762957
C0601,LOT-013,healthy,10.453541484175076,10.581267169117554,10.217516136988444,10.515652947826128
C0602,LOT-013,healthy,10.745469121507165,10.99283144310988,10.953780635403618,11.483017735113606
C0603,LOT-013,healthy,10.568809231219216,10.754648609618222,11.392498412052964,11.144995220811072
C0604,LOT-013,healthy,9.780387386655987,9.793633798270102,9.441568725846244,10.309720560579704
C0605,LOT-013,healthy,10.415666954580656,10.513764244548483,10.22204685516157,10.60760375839349
C0606,LOT-013,healthy,10.403863060571906,10.523613874283804,10.19802037642128,10.617497965209022
C0607,LOT-013,mild_drift,8.901431660691154,9.016065069119184,10.251681969717486,9.595118077672014
C0608,LOT-013,healthy,9.456706570302606,9.691905864970932,9.501259065034896,9.72215055560508
C0609,LOT-013,healthy,9.930029523127246,10.361415920289561,10.32792870466994,10.00476118464848
C0610,LOT-013,healthy,11.038793545597589,10.858452477989013,10.721270860871284,11.661734911028859
C0611,LOT-013,healthy,10.57878528389503,10.476875351612632,9.755980248077993,10.326651716383891
C0612,LOT-013,latent_defect,10.297841231890386,11.332943359507263,14.687031450344202,23.70338638929885
C0613,LOT-013,healthy,10.780657155740986,10.995242930598536,10.795146432573787,10.180083398800017
C0614,LOT-013,healthy,11.02262699426935,10.899866327704189,11.210818778206558,11.385870867982387
C0615,LOT-013,healthy,11.081845314094426,11.18555209620147,10.65438141898834,10.788562941994927
C0616,LOT-013,healthy,9.879193518252652,10.110646710220406,10.024470112016894,10.252039737189268
C0617,LOT-013,healthy,9.96684008446497,9.804301875491621,10.193458154167194,9.806757291315675
C0618,LOT-013,healthy,10.53561827431037,10.458687270787426,10.451811289813635,9.957121915590337
C0619,LOT-013,mild_drift,9.944255643396488,10.452843060030464,11.491545031777418,12.584670368029329
C0620,LOT-013,healthy,9.744376290747907,9.943234721305084,8.904998864269801,9.265870240908045
C0621,LOT-013,healthy,11.017104451793749,10.9229747793199,11.334437298879248,11.25484095679832
C0622,LOT-013,healthy,10.138474545705325,10.133036626872792,10.659941089956336,10.360956007247266
C0623,LOT-013,strong_drift,10.104753341457728,11.533684938447097,14.795702998923039,17.708627757387912
C0624,LOT-013,healthy,10.091213994603715,10.061861463514298,10.115043946107837,10.697352636370418
C0625,LOT-013,healthy,10.611773026796383,10.334714164585165,11.40668227252824,10.531710733849874
C0626,LOT-013,healthy,10.004612579520321,10.010210416534125,10.35491833401363,10.474705883861207
C0627,LOT-013,healthy,10.237980192718654,10.370731013883754,10.325735569853292,10.374243480566399
C0628,LOT-013,strong_drift,10.15170078656366,11.63185577208563,15.084129498913317,18.889216014525783
C0629,LOT-013,healthy,10.098183596852625,10.216834576823217,10.021398810709098,10.027468702893923
C0630,LOT-013,healthy,10.319443641799007,10.163341819268455,10.636063422262383,10.540973644920005
C0631,LOT-013,strong_drift,9.948493109517967,10.880843927757127,13.37367020284677,16.64587289509147
C0632,LOT-013,healthy,10.820908756680025,10.479146182603897,11.018378796054543,11.1336007879687
C0633,LOT-013,strong_drift,10.502844689019705,11.289390812419468,13.857076715713482,15.808044814670119
C0634,LOT-013,healthy,9.866306007927879,10.046503505572929,10.303341140324905,9.796805115604796
C0635,LOT-013,latent_defect,9.60574290628358,10.643262973148596,13.204945592524657,22.034519418490127
C0636,LOT-013,healthy,9.839759855242061,9.939766254014721,9.747070315797275,10.45709480742821
C0637,LOT-013,mild_drift,10.559148285022424,10.701047030874461,12.343546100553866,13.77859497777256
C0638,LOT-013,healthy,10.957871735116507,10.886530201175287,11.523905883623152,10.977820229221123
C0639,LOT-013,healthy,10.447764375365251,10.632801600039322,10.546346416450488,10.302724794800678
C0640,LOT-013,healthy,10.695589886701805,10.55053548415421,10.205958236683754,10.489821670641595
C0641,LOT-013,latent_defect,10.043385950449274,11.088929220171458,12.439485947477309,18.881087879756635
C0642,LOT-013,healthy,10.642435325252665,10.973291859485897,10.642271472099413,11.584617183962251
C0643,LOT-013,healthy,9.669752141068255,10.052518318355071,9.699135925108932,10.170090742686341
C0644,LOT-013,healthy,9.75799753777557,9.764388953553622,9.497286747224617,9.58640268406084
C0645,LOT-013,healthy,10.162397773554108,10.109554535387083,10.493430356930544,10.899390983710358
C0646,LOT-013,healthy,10.447665696570693,10.83101056673031,10.467574589593669,10.143828043613704
C0647,LOT-013,healthy,10.787262815338307,11.143106298721776,11.013804620471957,11.046036068741676
C0648,LOT-013,healthy,10.264493012251043,10.212568238170494,10.129796459708666,10.129300547944622
C0649,LOT-013,healthy,10.920320019013355,10.90576612232021,11.089197321657116,11.2794485557991
C0650,LOT-013,healthy,10.310742718514657,10.47045766188154,9.723834570491363,11.243103978444966
C0651,LOT-014,healthy,10.19136054282218,9.932322886434802,10.257951824303145,9.3263265482832
C0652,LOT-014,healthy,9.839598044398903,10.196311134503116,9.8064321642174,10.466160582654677
C0653,LOT-014,healthy,9.745580845293697,9.833410696749546,10.019426109675072,10.675320361360237
C0654,LOT-014,healthy,10.020225685468548,10.050514596311755,9.441104024443954,9.807020152940547
C0655,LOT-014,mild_drift,9.684439613495256,10.13959871099645,11.355888160983916,12.90873421571322
C0656,LOT-014,mild_drift,10.508039833598385,10.673083047382814,11.785696476718776,12.729559202593412
C0657,LOT-014,healthy,9.592525114838285,9.572525970602818,9.791053102548027,8.972391097555494
C0658,LOT-014,healthy,9.863602043294687,9.496725858790828,9.7040103590781,9.491234471771756
C0659,LOT-014,healthy,9.998973266068251,10.403347417894091,9.914970362542174,10.875593920651077
C0660,LOT-014,healthy,9.707165852786353,9.31873464980653,9.386765082014549,9.284152126694034
C0661,LOT-014,healthy,9.758054219601693,9.642759125749064,9.828564035038067,10.255451938758023
C0662,LOT-014,healthy,10.185920120418693,10.07003082415613,10.225920759656239,10.776027092781357
C0663,LOT-014,mild_drift,9.247293576912863,9.868583603671878,10.719623242004555,12.367957511650555
C0664,LOT-014,healthy,9.763276270797789,10.01064489697811,9.92866040686255,9.66184440503724
C0665,LOT-014,healthy,9.89719445661456,9.662535009746438,9.77291100028055,9.551669218625193
C0666,LOT-014,healthy,9.61106961633908,9.801107690552007,9.358199843310983,8.84486612611389
C0667,LOT-014,latent_defect,10.095371459694194,10.6735258334441,12.727001846185338,17.65032244292694
C0668,LOT-014,healthy,10.010388150357922,10.077542902746579,9.525088575558614,11.060258820132468
C0669,LOT-014,healthy,9.76236008199859,9.544561445766021,10.462933093626793,9.823893479747444
C0670,LOT-014,healthy,10.095471348333676,10.331479247309586,10.004655416884662,9.483673573125838
C0671,LOT-014,healthy,9.586832986645101,9.55888261996369,9.572046349147069,9.58683404541713
C0672,LOT-014,healthy,10.720936401132946,11.29657870168461,10.808443211039835,10.416355701498295
C0673,LOT-014,healthy,9.19129320202042,9.147899205322492,9.281644941000646,9.214731877923633
C0674,LOT-014,mild_drift,10.253054121556453,10.61717638851939,12.321195004656776,13.387510400644457
C0675,LOT-014,healthy,10.422504043033737,10.278024767078822,10.270436279560405,10.601838644604523
C0676,LOT-014,healthy,9.611885852192588,10.156216650360165,10.170015735770916,9.211587810455423
C0677,LOT-014,mild_drift,9.301854609077827,9.679455789736718,11.747964436948372,12.81320443493699
C0678,LOT-014,mild_drift,10.375554778083403,10.571953816728936,10.988152900216072,12.254406359047398
C0679,LOT-014,healthy,10.470277938972679,10.572113853511278,10.861383752969303,10.34413253637397
C0680,LOT-014,healthy,10.412031905541118,10.333160389022078,10.928779673152857,10.372417304050757
C0681,LOT-014,healthy,9.52835776332199,9.219781103133323,10.227583117612502,10.098429281225332
C0682,LOT-014,healthy,10.177280643319225,10.162717944463388,10.93933574120646,10.560682448742451
C0683,LOT-014,healthy,10.12623799051389,10.417408475094112,10.193360000546136,9.799394007130095
C0684,LOT-014,healthy,9.715967091259659,9.686299025256869,10.44183736431868,10.619969081060644
C0685,LOT-014,healthy,9.340728263884014,9.139221270117108,9.341341569566591,9.460591679338611
C0686,LOT-014,healthy,8.63014922543125,8.680791241582662,9.20320037437782,8.302837224667506
C0687,LOT-014,latent_defect,10.211124511138998,10.966086230893131,13.450412657191048,22.213265315437287
C0688,LOT-014,healthy,9.402301525795659,9.319597733818824,8.95228400516535,9.619699187083684
C0689,LOT-014,latent_defect,9.748142359126769,10.307196254981609,12.659035725396278,19.86822648367624
C0690,LOT-014,healthy,9.645443103582554,9.564381404576826,9.5144029018207,9.696143109772162
C0691,LOT-014,healthy,9.560537271945963,9.741568571630513,9.69736297845191,10.202134218015797
C0692,LOT-014,strong_drift,9.852610437751464,10.915815477990037,13.87723261361441,16.813053194636137
C0693,LOT-014,healthy,9.8635267946516,9.982056123056559,9.48800035966189,9.83635744676528
C0694,LOT-014,latent_defect,10.372305069813546,11.75121822145454,14.694028459019258,24.221981375385074
C0695,LOT-014,healthy,9.762209496002674,9.451116173863364,9.778060061694912,10.487466663334127
C0696,LOT-014,healthy,9.847410765323692,9.824586642398309,10.151443648550638,9.7272928967133
C0697,LOT-014,healthy,9.693190183255055,9.845421706604213,9.003703770165606,9.273784615072081
C0698,LOT-014,healthy,10.541831574095687,10.854227526140962,10.87603359676053,10.725138483326843
C0699,LOT-014,healthy,10.252454457229804,10.58444198451929,10.066011928425006,10.880293958249922
C0700,LOT-014,mild_drift,10.234218028230357,10.401136691980573,11.306343517646193,12.829785493038349
C0701,LOT-015,healthy,10.545582925211587,10.450172918128485,10.577423669554957,10.682746314413617
C0702,LOT-015,healthy,10.586183348342294,10.699207598800639,10.446674721893228,10.822891925127852
C0703,LOT-015,healthy,10.20853451848083,10.460118420423385,10.540108842038316,10.17567294067095
C0704,LOT-015,latent_defect,9.917785155995606,11.033678777807998,14.404968292190075,23.53446148458756
C0705,LOT-015,mild_drift,10.695658648934971,11.310259199745005,13.007871731712331,14.677534334973585
C0706,LOT-015,healthy,11.030051459569616,11.053017051964819,11.000992537045997,10.792564944584417
C0707,LOT-015,healthy,9.465784771354635,9.11459021763184,9.355038236028289,9.697070513674586
C0708,LOT-015,healthy,11.249764362121825,11.606159784563632,11.989023921754024,11.886436359546675
C0709,LOT-015,healthy,8.371709424424768,8.468845406235202,8.204419054174481,8.40364490979559
C0710,LOT-015,latent_defect,10.167096056186644,10.912263068787642,13.126208478203877,20.610971769448177
C0711,LOT-015,healthy,9.914841308417106,9.850378409628318,9.972116045693939,10.798230452460077
C0712,LOT-015,healthy,9.940063886752366,10.125342355006229,10.216376013432209,10.431097830843976
C0713,LOT-015,mild_drift,9.860365859844611,10.628326963841502,12.860844379663527,13.97390349929833
C0714,LOT-015,healthy,11.078628906762969,11.043838279129476,10.832822665554984,11.02949226150716
C0715,LOT-015,healthy,9.524897146163097,9.718098184694238,9.616112106268021,10.078587949761932
C0716,LOT-015,healthy,9.905295572659432,10.075512706780213,9.957622388847264,10.478900912100626
C0717,LOT-015,strong_drift,10.701594404634292,11.913868973044542,16.580532044450397,21.82050841743569
C0718,LOT-015,healthy,10.590636783075823,10.530557883406482,10.649304228250124,11.429145107564029
C0719,LOT-015,healthy,9.978643492120408,9.91776256651156,10.18980077445664,10.197409407188905
C0720,LOT-015,healthy,10.771220575977923,10.851667964850037,10.608430547479916,10.040594179364032
C0721,LOT-015,healthy,9.652213500720848,9.75529889612278,9.832123867659043,10.98620945127822
C0722,LOT-015,healthy,10.479493879743869,10.26651985434245,10.729224634069537,9.3806600942362
C0723,LOT-015,mild_drift,11.047057961315941,11.679016610457726,13.388489046253872,15.504239303919851
C0724,LOT-015,mild_drift,11.203371262386105,11.839974350032133,12.804594391548704,14.68664492970957
C0725,LOT-015,mild_drift,11.09864714622631,11.7386699915399,13.520782591288409,14.77237909291603
C0726,LOT-015,healthy,10.051838705727178,9.852714588954676,9.696894238799924,10.263445846468539
C0727,LOT-015,strong_drift,9.765194539113086,11.317171536855058,15.924552751935677,20.565754297006954
C0728,LOT-015,strong_drift,10.384063747297297,11.36064121484635,13.728386527553573,16.286046940479228
C0729,LOT-015,healthy,11.244583956037696,11.550402376692162,11.591602914679386,11.704897567436747
C0730,LOT-015,healthy,9.739838005367272,9.595464687446299,9.749190181625343,9.620891752604162
C0731,LOT-015,healthy,12.546163695679521,12.304237833020197,12.651020865426057,12.76050609263218
C0732,LOT-015,mild_drift,10.40949995985951,10.83316097806951,12.597210727794584,15.201283375440035
C0733,LOT-015,mild_drift,10.578500038179268,10.745441282560884,12.215134389608831,13.733791551775163
C0734,LOT-015,healthy,10.982798137288114,10.898120533961281,10.960680819544887,11.477327470259935
C0735,LOT-015,healthy,10.572006123591859,10.814124350161038,10.832297067998006,10.754952768554398
C0736,LOT-015,strong_drift,10.05571027130736,11.00314544953052,14.088123179127448,17.142443997234576
C0737,LOT-015,healthy,11.343424811285079,11.299410021657794,11.02289420034909,11.20283878735974
C0738,LOT-015,strong_drift,10.399829398630597,11.491456474784526,15.26976700818604,18.48513375548642
C0739,LOT-015,healthy,9.474525831282305,9.43762811754463,9.0763736128164,9.28855009626605
C0740,LOT-015,healthy,10.989173212232139,11.11556803232529,11.39233380130121,11.092990152360727
C0741,LOT-015,strong_drift,10.560030305717282,12.303037848642301,16.968971677410877,21.522544780626323
C0742,LOT-015,healthy,9.203956127032336,9.192991250827548,9.350294795947855,9.860597108359958
C0743,LOT-015,healthy,10.760773037110548,10.66617978381777,9.985723403237559,10.5507098114774
C0744,LOT-015,mild_drift,11.170277907045396,11.638271036185289,12.949732984989042,13.623373577287682
C0745,LOT-015,mild_drift,10.566584601257992,10.775298490975285,12.075108736087383,13.051037840068087
C0746,LOT-015,strong_drift,10.629711968368474,11.509433964633109,14.179829373327351,16.456182083878296
C0747,LOT-015,healthy,10.320802768563393,10.612823130457638,10.583514021256198,11.003287540616475
C0748,LOT-015,healthy,9.874656233238689,9.809754589642127,9.76218032559115,10.580312846530717
C0749,LOT-015,healthy,10.623157843811702,10.902525357437883,10.914258058285338,11.493710972053169
C0750,LOT-015,healthy,9.935838040954625,10.080646918409027,10.223377107528234,9.955529764106274
C0751,LOT-016,mild_drift,8.545778414495674,8.998715960209013,9.513906760162026,10.440708141591598
C0752,LOT-016,mild_drift,10.028472261798788,10.342885742960497,11.8776361500641,12.605165843121764
C0753,LOT-016,mild_drift,10.480610510573003,10.800502237344238,10.93026033418142,12.781269471219664
C0754,LOT-016,healthy,9.793953159028598,10.232697116908888,10.551386120905107,10.2542013645161
C0755,LOT-016,healthy,8.722298810856554,8.595380960009969,8.707470361990097,8.320247849579692
C0756,LOT-016,healthy,9.981620085123279,10.196582175331974,10.066759755188475,10.319379983331256
C0757,LOT-016,healthy,8.304320333261327,8.63380122320178,8.521549767502895,8.129242506502154
C0758,LOT-016,healthy,10.039359874940933,9.805109943634779,9.609075387679658,9.900958889816708
C0759,LOT-016,healthy,9.445532187799419,9.24835113283167,9.787224068532808,9.95083536128443
C0760,LOT-016,healthy,9.848787185348122,9.644030785782874,10.195991380932718,9.145066112893595
C0761,LOT-016,healthy,9.47072022838642,9.448427432949442,9.504771773321163,9.054999366022884
C0762,LOT-016,healthy,9.173179249792803,9.104189260553067,8.79838982973942,8.883839762351407
C0763,LOT-016,mild_drift,8.967071546364991,9.422440053665653,9.952901128725626,10.939872026276387
C0764,LOT-016,healthy,9.264552736598699,9.289286569043503,9.440133275124714,9.236379366169725
C0765,LOT-016,healthy,10.257546013188419,10.349253782715863,10.166880759034962,9.848432106744816
C0766,LOT-016,healthy,8.551999201604389,8.632085162892619,8.921641282148233,9.479536717331769
C0767,LOT-016,healthy,10.633563614526736,10.74916721191919,10.189932912905386,11.201359671509627
C0768,LOT-016,healthy,8.986908773118243,9.027927753360458,8.635685655546352,9.16012101630851
C0769,LOT-016,healthy,10.509390274146226,10.46093450762453,10.72492136313348,10.293667919123328
C0770,LOT-016,healthy,9.746527540250305,9.699893883192521,9.691172158667388,10.749901353298744
C0771,LOT-016,healthy,11.144234676509686,11.378248711351022,11.96627025666225,11.27679057899666
C0772,LOT-016,healthy,9.438478139810018,9.329422890486969,9.305651850742585,9.339645137779973
C0773,LOT-016,healthy,9.795755032798205,10.086121116055432,10.005453426673208,10.65432089751604
C0774,LOT-016,healthy,9.512528028741093,9.434236840553655,8.961649830070535,8.9262198034904
C0775,LOT-016,healthy,9.295776797454712,9.686940215076524,9.407824248153315,9.53057164736828
C0776,LOT-016,healthy,9.133557345047663,9.312483780925191,9.70307992645805,9.197909133144439
C0777,LOT-016,healthy,10.22849100945217,10.10683788207109,10.633687430710054,11.265756327655888
C0778,LOT-016,healthy,8.999340575202556,9.391515687643478,8.906786482805032,9.117378195252119
C0779,LOT-016,healthy,9.68375839219057,9.665182597372867,9.689929861294928,10.17506141427348
C0780,LOT-016,healthy,9.906932950622396,10.046898380009468,9.599865716255335,10.258418683389818
C0781,LOT-016,latent_defect,8.289988656266413,9.331942602083108,11.857991777507085,20.709023998376058
C0782,LOT-016,healthy,9.026756992323312,9.018477308056543,9.583686300931344,10.048522603390808
C0783,LOT-016,healthy,8.25538141422226,8.583154496883445,7.874557870362309,7.784662759118402
C0784,LOT-016,healthy,10.6086443461598,11.073647956346072,10.955121783811661,10.62715245158513
C0785,LOT-016,healthy,10.111302487834504,10.298776439984211,10.282363622219965,9.328993013264016
C0786,LOT-016,mild_drift,9.18587223461345,9.462059883196954,11.172931325667761,11.202082982908914
C0787,LOT-016,strong_drift,10.079286991575312,10.825957227060119,12.72988612149092,15.57127485601365
C0788,LOT-016,healthy,10.365796676039617,10.1562460276373,10.47211802657688,9.627105509973175
C0789,LOT-016,healthy,8.044832153766109,8.19959998716785,8.559731821168437,7.410383740821992
C0790,LOT-016,mild_drift,9.901097509156765,10.316635260300277,11.277632040545106,11.704869568316594
C0791,LOT-016,healthy,9.61488890272269,9.810319980116931,9.710734556118698,9.623959422933021
C0792,LOT-016,healthy,8.61213986559157,8.682866696351912,8.842333619593322,8.758928567823643
C0793,LOT-016,healthy,9.84917211241396,9.903010123311226,10.165607992173003,9.66512737452234
C0794,LOT-016,healthy,8.58108885798643,8.713757014261521,8.9309997716689,8.262042079431238
C0795,LOT-016,strong_drift,10.939175021214442,12.062180202705731,15.310746302044132,19.076267921392432
C0796,LOT-016,healthy,9.387524580331725,9.417484192377303,9.348739914238699,8.977223665847092
C0797,LOT-016,healthy,9.51077372583017,9.307924925758508,9.166998847311344,9.839018797000012
C0798,LOT-016,healthy,8.318074490749385,8.456931160455019,9.38308112941061,8.853725531538148
C0799,LOT-016,healthy,9.47248166812704,9.17722507142492,8.887631520275372,9.12906470858953
C0800,LOT-016,healthy,9.081942168097916,9.19666058142457,9.289657962310075,8.77871255505417
C0801,LOT-017,healthy,9.578548433972077,9.676675311673698,10.000495755822053,10.284658339489727
C0802,LOT-017,mild_drift,9.677661701412596,10.19308743030786,11.260669311309456,11.46360284256298
C0803,LOT-017,healthy,8.622182145390338,8.641396998142705,8.146979955798784,8.15019334449611
C0804,LOT-017,healthy,8.951584428879514,9.313851269360256,9.62016552551179,8.946573783190056
C0805,LOT-017,healthy,9.405974378972665,9.556913535310064,9.197096483046774,9.82676906529721
C0806,LOT-017,mild_drift,7.607028753049972,8.087778811188176,9.460947581359328,11.493416291149435
C0807,LOT-017,strong_drift,8.21014702995245,8.984429316489722,12.132128582260425,15.104636869925276
C0808,LOT-017,mild_drift,8.536747888024241,9.085592080991828,10.436934393072573,11.363485113875116
C0809,LOT-017,healthy,9.203514314224421,9.320637414932353,9.111161040640583,9.117075393688735
C0810,LOT-017,strong_drift,8.89499955209545,10.174509292873461,14.199972381902697,17.69400490489872
C0811,LOT-017,healthy,8.762521401922335,8.836865970700428,8.70403791256613,8.80193644031736
C0812,LOT-017,healthy,7.9886700622544,7.902588229113288,8.33494684675665,8.37973254600356
C0813,LOT-017,healthy,9.448448539437894,9.29729762383743,9.919262943202568,9.753609927523582
C0814,LOT-017,healthy,8.65247921445637,8.766519669995107,8.664925604658789,8.528350258002217
C0815,LOT-017,healthy,9.032068943327982,8.996621805860046,8.997438468108777,9.780713629615592
C0816,LOT-017,healthy,8.790855701098002,8.987049372505874,8.763643925251753,8.988824372920455
C0817,LOT-017,healthy,8.873203378510604,9.004746471569119,8.902849013618482,8.767283426263056
C0818,LOT-017,healthy,8.698703383459078,8.481836112932294,9.244264213601934,9.406965032900748
C0819,LOT-017,latent_defect,8.114090737512049,8.94656817293777,11.969623378336268,18.147512089049815
C0820,LOT-017,healthy,7.17901282673337,7.108557629811691,7.215068672078588,7.5776803718637655
C0821,LOT-017,healthy,8.517876793730048,8.400257294330174,8.909387624859217,9.392273593583157
C0822,LOT-017,latent_defect,9.073525122331281,10.101290527905782,12.900926986957327,21.75304403391606
C0823,LOT-017,latent_defect,8.525783239412647,9.157755368417831,10.18181007519862,15.422155671216895
C0824,LOT-017,healthy,9.070204306558184,8.85698535830176,8.61652560473913,8.725512708094596
C0825,LOT-017,healthy,8.471284061360388,8.718204145328862,8.32604206784458,8.24755723549393
C0826,LOT-017,healthy,8.519622491403567,8.818954790677896,9.162815964920403,8.475182099441179
C0827,LOT-017,healthy,8.140747355033596,7.903137915954256,8.13656138319353,8.511819619755038
C0828,LOT-017,healthy,8.903260123009453,8.521373049777365,8.745925619560577,9.497352096640679
C0829,LOT-017,healthy,9.16945689138974,9.46617793472879,9.373380048856442,8.393051208613608
C0830,LOT-017,latent_defect,8.92562400965405,9.891287946438442,12.860913746936177,20.03425383216631
C0831,LOT-017,healthy,8.040762132496043,7.812847573586034,8.03445182376656,7.396556096157461
C0832,LOT-017,healthy,8.397917877451883,8.607614150313243,8.779055744421752,9.457584589519291
C0833,LOT-017,healthy,8.865159836205175,9.041045896752857,9.312579566414183,8.77270121294734
C0834,LOT-017,healthy,9.577343567314909,9.698174641994656,9.72248190514962,10.172280765779409
C0835,LOT-017,mild_drift,8.009333198811829,8.494166220384137,10.531028067953402,12.396387484298042
C0836,LOT-017,strong_drift,8.821266934797942,10.130783172660372,14.388852749718923,18.21920194048077
C0837,LOT-017,healthy,10.231355289945071,10.207879288551776,9.934256823099625,9.487321258296982
C0838,LOT-017,healthy,9.592753071844237,9.697247458290637,9.5928812624095,9.547770081638332
C0839,LOT-017,healthy,9.329907255081102,9.217542398578406,9.407017037267222,9.61678561836632
C0840,LOT-017,healthy,9.183769228182282,9.302103871041192,9.342801463654718,9.545066742979431
C0841,LOT-017,healthy,9.090016707129598,9.322319757548904,9.234580883370166,9.664863092787764
C0842,LOT-017,healthy,8.958913840065806,9.0516521531914,8.815827040047454,8.83251490366971
C0843,LOT-017,healthy,8.138678919800634,8.206952956863189,8.270800115299208,8.314700819276442
C0844,LOT-017,healthy,8.343653986246835,8.232161017539601,8.74636365892778,8.097448257064887
C0845,LOT-017,healthy,9.31021735443838,9.114409021033913,9.502363458419516,9.521540363026345
C0846,LOT-017,mild_drift,8.66564435278861,9.09696540319579,10.559165069042766,10.696513743994483
C0847,LOT-017,healthy,8.604733031295718,8.300475743457596,8.328954352983251,8.556963784613343
C0848,LOT-017,strong_drift,8.04815173940615,9.110510183081136,13.120102486278533,17.947333727158004
C0849,LOT-017,mild_drift,9.39996631218742,9.618468075103447,11.200632298179347,12.051466993411477
C0850,LOT-017,healthy,9.40191097921452,9.669124062818515,9.14511157473556,9.04225909096116
C0851,LOT-018,mild_drift,9.916896764279317,10.178681724032558,11.329873393095227,12.367005119876655
C0852,LOT-018,healthy,9.017349794339937,9.168754153643865,8.27285736815608,8.747740118163257
C0853,LOT-018,healthy,10.081724686705094,9.900949188641603,10.411844263020871,10.121585813515482
C0854,LOT-018,healthy,9.836757721812717,10.165150926936455,10.58754897206147,10.514223462797952
C0855,LOT-018,healthy,9.177898334930594,9.033232610525008,8.563028820015768,8.767345015773904
C0856,LOT-018,latent_defect,10.02709800390559,10.835945497259626,13.162481033387062,19.230371917227455
C0857,LOT-018,healthy,10.721271426805547,10.963428956735344,11.388100310152238,10.464038733154693
C0858,LOT-018,healthy,9.970524553400104,10.096337859166828,9.818871043391498,10.139477625095559
C0859,LOT-018,healthy,9.531283550347997,9.368536489248909,8.915031723757037,9.124326520174092
C0860,LOT-018,strong_drift,8.136862030039694,9.091616989049294,10.975606341163935,13.374955953003594
C0861,LOT-018,latent_defect,9.48992675574693,10.146322994970943,11.713553840527895,16.803868279774196
C0862,LOT-018,mild_drift,10.00914862402468,10.163474580692624,11.694689047990787,11.66841144016474
C0863,LOT-018,mild_drift,9.329499658583403,9.87364978101585,10.856577106015113,12.64659144475038
C0864,LOT-018,healthy,9.361302167738211,9.454565200358639,9.142757068301636,10.474996630947855
C0865,LOT-018,healthy,10.681647076331949,10.63114847216257,10.575643376194572,10.476795673154822
C0866,LOT-018,mild_drift,9.094389310700437,9.583481604439179,11.105168846230852,12.382506503173984
C0867,LOT-018,healthy,8.70375249232501,8.777870679609492,8.364966872895907,8.291978648878043
C0868,LOT-018,healthy,9.114336245004246,9.08313643423319,9.152387217949546,9.590086207930602
C0869,LOT-018,healthy,10.018010791836057,9.92800942561934,9.832027698944957,10.228077054402563
C0870,LOT-018,healthy,10.554246157939557,10.540251038794816,10.598485440509522,10.515418420896928
C0871,LOT-018,healthy,10.388561316883207,10.705238023661192,11.50121665728672,10.719481103369336
C0872,LOT-018,healthy,10.906986077445811,11.164098264916172,11.430423983084326,11.557261155879518
C0873,LOT-018,latent_defect,10.533304460339792,11.28442019610172,12.959645998591547,18.404921845285553
C0874,LOT-018,mild_drift,9.027079905046612,9.465252748815999,10.114335832771946,11.893069933208869
C0875,LOT-018,latent_defect,9.910304899585432,10.721383739820041,14.280755001827918,22.242871909487146
C0876,LOT-018,healthy,10.408401579609091,10.588239144106751,10.834400344442084,11.18444625323408
C0877,LOT-018,mild_drift,9.394761218539614,9.825503400005285,11.890132797288643,13.45565969263784
C0878,LOT-018,healthy,10.096514445228635,10.184753585111208,10.000582800079949,9.820249601690994
C0879,LOT-018,healthy,9.459311832545293,9.38651287068731,8.903233885581718,9.625637763583995
C0880,LOT-018,mild_drift,8.64950071371375,8.953803424039476,9.908934892967583,10.262751138227582
C0881,LOT-018,healthy,10.085973528501196,10.102240036414754,9.384674337811354,10.55886059956109
C0882,LOT-018,healthy,8.934478959174648,9.040757902468167,9.060173544446386,9.578020652579568
C0883,LOT-018,healthy,9.767863871927277,9.664005302350963,9.89921594466693,10.086242716650968
C0884,LOT-018,mild_drift,9.768922144978196,9.933161570756662,11.070730060679933,13.073674982429182
C0885,LOT-018,healthy,9.823021529599044,9.850237486709904,10.315643442884616,9.978180742574969
C0886,LOT-018,latent_defect,9.683691061562312,10.507620139053511,13.430319147595968,19.75729645638355
C0887,LOT-018,strong_drift,10.110192936494913,11.317988929942137,15.48824841253971,19.72827512204419
C0888,LOT-018,healthy,9.906885800726819,9.557881946076114,9.787811009273558,9.236744619537408
C0889,LOT-018,healthy,9.613937493230358,9.568497755232423,9.472472818443286,9.940065707480937
C0890,LOT-018,healthy,9.994957862616653,10.041717779524086,9.76704092137676,10.038321746980303
C0891,LOT-018,healthy,10.0268856599198,10.11222398981574,10.72240511574833,10.312637097193935
C0892,LOT-018,latent_defect,9.12726201129144,9.674112231340962,12.54442388975732,20.25096555766224
C0893,LOT-018,strong_drift,8.272308911427055,9.024671758613922,12.492530163800991,14.639647232213282
C0894,LOT-018,healthy,10.572919650584495,10.4750019764436,10.840259048653124,10.51711536325324
C0895,LOT-018,strong_drift,9.82561388077198,11.11622364999054,15.75150106374767,20.221224043103618
C0896,LOT-018,healthy,9.648800386973724,9.725353874294532,9.936717770312873,9.67054075082488
C0897,LOT-018,healthy,10.525172759995144,10.378780530698887,10.567804173045298,10.753504242891182
C0898,LOT-018,mild_drift,9.933154847125369,10.491880003848097,11.447579373400186,11.542471698385587
C0899,LOT-018,healthy,9.332277718580805,9.239871494492117,8.623624066950244,9.430471230968918
C0900,LOT-018,healthy,10.594527556915716,10.555804235197417,10.875592457313722,11.787824401367
C0901,LOT-019,healthy,8.507957757644027,8.535729687843746,8.481581496968587,9.047817552038662
C0902,LOT-019,mild_drift,10.470359673117358,10.761677692568847,13.35296737382114,14.232298322955018
C0903,LOT-019,healthy,8.677480051226201,8.49539911935532,8.429215447641647,9.21434891603032
C0904,LOT-019,healthy,10.579575515002748,10.520852473749986,9.68798298308144,10.104811517981975
C0905,LOT-019,healthy,10.377094123604545,10.097032652058044,10.444183241054796,10.529812927010996
C0906,LOT-019,healthy,9.736765680838529,9.299434078507211,9.400678793252794,9.210183216474777
C0907,LOT-019,healthy,10.228054110448019,10.15608439495586,10.54506166987377,11.087397187412108
C0908,LOT-019,healthy,11.122658776467556,11.290958730260655,11.279650488590942,12.08968943756248
C0909,LOT-019,healthy,10.470244366974283,10.426971292329279,10.798706652001089,10.4203599795414
C0910,LOT-019,healthy,10.653659896496338,10.453723767108093,10.528908706788789,11.354647203710623
C0911,LOT-019,healthy,8.777765290523156,8.606360019597867,9.123716868305213,9.151585842946158
C0912,LOT-019,healthy,10.464150353858654,10.410784515145453,10.323563076709425,10.100036650013605
C0913,LOT-019,healthy,9.799285245282235,10.168932502445506,9.77109203491466,10.125581706774105
C0914,LOT-019,mild_drift,10.951158575944573,11.626040955837153,13.13397381936987,14.389366559480553
C0915,LOT-019,healthy,11.062549515459482,10.629285135562007,11.31714021097575,11.39131336541128
C0916,LOT-019,healthy,11.187161118869554,11.513694177354775,11.473206971822464,10.793800069322259
C0917,LOT-019,healthy,10.563950356599292,10.671568783512038,10.291833735064243,11.09961856868626
C0918,LOT-019,healthy,10.457391500142498,10.471626833923388,11.088814089332454,11.194474628548527
C0919,LOT-019,mild_drift,11.121929352455217,11.416676702008415,12.39880191323911,13.036598177690482
C0920,LOT-019,healthy,10.851371818531021,10.767728040691875,11.240399162573292,10.569183250694039
C0921,LOT-019,healthy,9.687306319727451,9.539866524521567,9.24469466609654,10.462092112395233
C0922,LOT-019,healthy,10.638965497875235,10.916693696951745,11.298781502687937,10.919171081550864
C0923,LOT-019,healthy,10.811405494817015,10.781393477908377,10.947249913318368,10.902775063764018
C0924,LOT-019,healthy,10.330517395292224,10.128922515788894,10.61701205471205,11.332492173852255
C0925,LOT-019,healthy,10.72596082506482,11.081137313066058,10.494907182251822,9.901819884665919
C0926,LOT-019,healthy,10.159368630918925,10.12190188928429,10.06693752804989,10.002768167257567
C0927,LOT-019,healthy,10.692025174447553,10.460139137770556,11.507317311764462,11.464887993370072
C0928,LOT-019,healthy,10.455455436104957,10.286616364809753,11.154003772092967,11.412589634469333
C0929,LOT-019,healthy,10.037950021652717,10.220381129869534,10.176499832070151,10.168902511642765
C0930,LOT-019,healthy,11.260044277358004,11.432923314386029,11.394283474909228,10.863320795068486
C0931,LOT-019,healthy,8.706998501522754,8.765661100495166,9.198940523869028,9.554234400189637
C0932,LOT-019,healthy,11.04339472601758,11.265680829934677,10.415971165881135,10.107392970277484
C0933,LOT-019,healthy,10.172941275236779,10.125404617925955,10.628491023480947,10.890191461432115
C0934,LOT-019,healthy,9.404199884092597,9.79517041670035,9.158415384487629,9.283266624214372
C0935,LOT-019,healthy,11.217083641932948,11.756816697691074,11.596905514113638,11.610491865444382
C0936,LOT-019,healthy,11.261910985058647,11.31174316372556,11.616568299418278,11.38526551826895
C0937,LOT-019,mild_drift,10.279645347255041,10.910733601190763,11.536334338517689,13.04697643945758
C0938,LOT-019,healthy,10.198480510962765,10.209239945515574,10.362696757897968,10.322694079643659
C0939,LOT-019,mild_drift,11.161874450320488,11.749152554831422,12.772494522524019,15.004455480141996
C0940,LOT-019,healthy,10.32244296303124,10.666520789498744,11.162820843009115,10.994577800115739
C0941,LOT-019,healthy,9.96049819693437,10.233394882416938,10.232821807150062,10.178574076929763
C0942,LOT-019,mild_drift,11.04052304393683,11.300048137255843,13.438542430656621,14.732869551201814
C0943,LOT-019,strong_drift,9.176125083024775,10.702095064016042,14.258293074059386,18.79756814450386
C0944,LOT-019,strong_drift,11.68861258579232,12.999358439217643,16.165569306434254,19.68015981771473
C0945,LOT-019,healthy,11.144007608079832,11.024571112266484,11.144329033799734,10.212727751368446
C0946,LOT-019,strong_drift,10.24336544911783,11.748938623871714,16.95650206418159,21.04866965404307
C0947,LOT-019,healthy,9.578563327713837,9.818796049394148,9.584763453642568,9.99150106222765
C0948,LOT-019,healthy,10.13832798022622,9.97570774842616,10.23173091377438,9.882079856843939
C0949,LOT-019,healthy,11.1759195311899,11.13689757813179,11.612161370260061,11.521136013316601
C0950,LOT-019,healthy,9.912394376727807,9.99955072560088,9.654296201665476,9.348480758927327
C0951,LOT-020,healthy,8.74355300699211,8.814372167960297,9.280724657562926,9.529769371049735
C0952,LOT-020,healthy,9.281723290143526,9.619005580747212,9.778710184632079,8.843512004726351
C0953,LOT-020,strong_drift,10.731706741960615,12.482806854038111,16.941444021876322,21.848682645556526
C0954,LOT-020,healthy,9.804829561442258,9.80239201609482,9.823472531860173,10.579136452190763
C0955,LOT-020,strong_drift,8.633418788808713,9.836775287740075,13.380096540499293,18.33037340544416
C0956,LOT-020,healthy,9.122181328390552,9.261124978218277,8.813396858834572,8.587638915118415
C0957,LOT-020,strong_drift,9.68207279530701,11.21363000888285,13.688495201834503,16.70059883345271
C0958,LOT-020,healthy,9.121929897257552,9.37609718646881,8.997572989259375,8.50888421687362
C0959,LOT-020,healthy,10.264648608594003,10.546647910004626,10.461496579505956,10.690399512503957
C0960,LOT-020,latent_defect,9.536685928994,10.398401451387574,12.840061421868539,22.461814400421193
C0961,LOT-020,mild_drift,9.139486018883646,10.144345934759528,11.304394940308853,11.97839351730237
C0962,LOT-020,healthy,9.526256794853659,9.573568882470356,9.420833039979145,9.642798226863132
C0963,LOT-020,healthy,9.357469975069122,9.342835906351189,9.267815935664641,9.732561305971924
C0964,LOT-020,healthy,9.79139565328851,9.959843700801365,10.15516073162054,9.763555677169395
C0965,LOT-020,healthy,8.977169243091529,9.115448274116114,9.838296259399268,9.642250045265945
C0966,LOT-020,healthy,9.314811599514808,9.190175372960587,9.509309893495681,10.8978609171718
C0967,LOT-020,healthy,10.003024762804614,10.260284748515605,10.478170132502775,10.123025246899415
C0968,LOT-020,mild_drift,9.79231535873531,10.112577993157098,11.086276327710193,12.376371035963592
C0969,LOT-020,mild_drift,9.250273054523745,9.729647173745871,11.454584401298463,12.594662522197373
C0970,LOT-020,healthy,9.980506924121554,9.933172298432384,10.414387991785455,10.16376059752337
C0971,LOT-020,healthy,10.15688951362247,10.321001315416735,10.403134122756818,10.759514684509208
C0972,LOT-020,strong_drift,10.013455954880994,10.9853114758749,14.664746996999265,18.16596682619913
C0973,LOT-020,healthy,9.385565908151603,9.531877444113935,9.848920321797317,9.023201252095767
C0974,LOT-020,mild_drift,7.65616727134065,8.401305309329535,9.858278343703185,11.054942406653492
C0975,LOT-020,latent_defect,8.319702608008194,9.076236108165915,10.711556980060593,16.009415227263613
C0976,LOT-020,healthy,10.76007834983021,10.386443674172963,11.700299623247508,11.595982045414608
C0977,LOT-020,healthy,8.333719091237821,8.626879110372409,8.222446734849314,8.974389503774153
C0978,LOT-020,mild_drift,9.77636627783291,10.12883946106041,10.516442386301025,11.906550997573776
C0979,LOT-020,mild_drift,9.784553038889749,9.887454955500358,10.471392242980313,11.369752476961285
C0980,LOT-020,healthy,9.386880184080418,9.931377805589094,9.742817218001672,9.3194013964647
C0981,LOT-020,strong_drift,8.875407132837978,9.825732236610943,12.128156460525023,14.440327721817376
C0982,LOT-020,healthy,9.746699315636434,9.777496067915333,9.869445565438967,9.453354523734266
C0983,LOT-020,strong_drift,9.014761063040368,10.062997016966893,13.81089709647933,17.309316873542056
C0984,LOT-020,healthy,9.724367258672988,9.704335996690476,10.283998716780784,10.399893894769775
C0985,LOT-020,healthy,9.773247313479494,9.91300678584806,9.207522355135527,10.22339673116358
C0986,LOT-020,healthy,8.05720655059883,7.9487665534111285,7.461054553045332,7.846558796748523
C0987,LOT-020,healthy,9.525422966668577,9.325551896526559,10.118783131557908,9.341759920431612
C0988,LOT-020,healthy,9.13220603615457,8.92214413799463,9.740116432552,9.924553535402833
C0989,LOT-020,healthy,8.906684818725683,8.96782252452398,8.966890713471699,9.523325125872232
C0990,LOT-020,healthy,9.764114925265797,9.921167009529341,10.166852024986724,10.83635231171581
C0991,LOT-020,mild_drift,8.74483347045991,8.986303033755767,9.39060450178821,10.499858142886334
C0992,LOT-020,healthy,10.546824180991344,10.714419025089098,10.838193809846015,10.313302159322285
C0993,LOT-020,healthy,10.054088574292196,9.67207255564988,9.642530519596537,9.671728524014457
C0994,LOT-020,mild_drift,10.651798513865492,11.009034134245647,11.919009386421127,13.467322434898925
C0995,LOT-020,healthy,9.747525372987237,9.887289895663248,10.411856374235294,10.492366557668346
C0996,LOT-020,healthy,9.676445628263505,9.410109059358877,10.0794635049542,10.190282591296107
C0997,LOT-020,healthy,9.808105707647522,9.89285443612989,9.998533176810858,10.293107573994131
C0998,LOT-020,mild_drift,9.798878560569868,9.66504986925692,11.203473416970489,12.771547097854857
C0999,LOT-020,healthy,10.539363318947334,10.750290937923307,11.230823055239851,10.205526481657067
C1000,LOT-020,healthy,8.493455640113732,8.458439395300411,8.378564417550281,8.7765196621965
